R,G,B
118.07878650667874,88.7282091917591,76.46604029884537
118.03701607425855,88.71270092823183,76.46219153271451
117.98766130858048,88.67002490378084,76.4268734435137
118.03022413402762,88.71179533620104,76.4867557165497
118.20522979397781,88.85272809599276,76.59916232737152
118.39257414534752,88.9863029205343,76.72436042562825
118.31061806656102,88.92743943853294,76.62904686438759
118.26850803712928,88.89325333937062,76.61297260584107
118.36042562825448,88.98347294543808,76.71247453022413
118.63199003848766,89.18870273941589,76.91951550826353
118.75152818655197,89.2989585691646,77.01969662666968
118.8256735340729,89.4127235680326,77.13798958569164
119.0461851935703,89.57074937740548,77.3261263300883
119.26352728095993,89.76330088295224,77.52263980076975
119.43072220964456,89.91838351822504,77.67930722209644
119.53135612406611,90.05116594973964,77.8347294543808
119.74054788317862,90.23341634593615,78.02388498981209
119.88793298618972,90.38668779714739,78.17115689381933
120.08297486982114,90.55954267602445,78.36121802128142
120.28492189268735,90.74473624632103,78.54958116368576
120.54641159157799,90.97407742811863,78.80212814127236
120.74994340049807,91.17726964002716,78.99898120896536
120.91725152818655,91.3405026035771,79.17704324201947
121.14308354086484,91.55637310391668,79.41476115010188
121.36551958342767,91.7527733755943,79.60821824767942
121.52479058184288,91.91634593615576,79.76930043015622
121.73635952003622,92.09995472039846,79.97170024903781
122.00656554222323,92.32884310618067,80.22560561467058
122.11738736699117,92.43660855784469,80.32884310618067
122.2339823409554,92.53780846728549,80.45347520941816
122.34808693683496,92.65983699343445,80.57074937740548
122.62146253112972,92.87514149875481,80.80405252433779
122.7752999773602,93.00147158705003,80.93038261263301
122.81593841974191,93.07527733755943,81.00192438306543
122.94770206022187,93.2017206248585,81.13810278469549
123.14002716776092,93.36540638442382,81.30620330541092
123.22730359972832,93.45392800543355,81.41306316504415
123.35453928005434,93.55773149196287,81.49569843785375
123.45313561240661,93.66278016753452,81.60742585465248
123.54788317862803,93.74666062938645,81.68066561014263
123.63832918270319,93.8261263300883,81.74643423137876
123.70375820692777,93.8950645234322,81.81378763866879
123.82963549920761,93.99841521394612,81.90989359293638
123.86619877745076,94.03554448720851,81.96049354765678
123.91057278695948,94.09237038714059,81.98890649762282
124.01550826352728,94.16300656554222,82.07788091464795
124.07256056146706,94.22096445551279,82.09904912836767
124.12191532714512,94.26047090785602,82.13063165044147
124.13165044147611,94.26477247000227,82.1184061580258
124.14014036676477,94.27224360425629,82.1184061580258
124.20658818202399,94.33189947928459,82.169911704777
124.19311750056599,94.32703192211909,82.14115915779941
124.18440117726963,94.3082408874802,82.11546298392574
124.11727416798732,94.24269866425175,82.03362010414308
124.1144441928911,94.2328503509169,82.0229793977813
124.22594521168213,94.31344804165724,82.09440796920987
124.26522526601767,94.33155988227304,82.1000679194023
124.22571881367443,94.29816617613766,82.07278695947475
124.25356576862124,94.33676703645008,82.07244736246321
124.3539732850351,94.42030790129047,82.15259225718813
124.44713606520263,94.49309486076523,82.2247000226398
124.51913063165044,94.55931627801675,82.29035544487209
124.59418157120217,94.62961285940683,82.33314466832692
124.6557618292959,94.68666515734661,82.38351822503962
124.81514602671497,94.82035318089201,82.54312882046638
124.8952909214399,94.88906497622821,82.6007471134254
124.99649083088069,94.99151007471134,82.68768394838125
125.07697532261716,95.0773149196287,82.76952682816392
125.18689155535431,95.15372424722662,82.83869141951551
125.24043468417477,95.23035997283223,82.90547883178628
125.34435136970795,95.3033733303147,82.97203984604936
125.41974190627123,95.38182023998189,83.0410912383971
125.4812089653611,95.43660855784469,83.08874801901743
125.6139913968757,95.56305184514376,83.20239981888159
125.70579578899705,95.62949966040298,83.24552863934797
125.72141725152818,95.65734661534978,83.27213040525244
125.73352954494,95.67613764998868,83.27812995245642
125.74201947022866,95.69798505773149,83.30925967851483
125.80258093728776,95.72017206248584,83.31741000679195
125.89381933438986,95.7940910119991,83.38295223002038
125.98177496038035,95.8539732850351,83.44272130405253
125.96728548788771,95.8442381707041,83.43038261263301
125.96060674666063,95.85623726511207,83.42823183155988
126.04199683042789,95.93049581163686,83.48460493547657
126.15757301335748,96.01664025356577,83.55716549694363
126.16051618745755,96.02637536789676,83.57856010867104
126.2291147837899,96.0777677156441,83.62655648630292
126.30224134027621,96.14025356576862,83.66583654063844
126.37468870273942,96.19821145573918,83.72039846049354
126.38770658818203,96.20658818202399,83.72051165949739
126.40196966266697,96.21824767942041,83.72503961965134
126.47407742811863,96.28831786280281,83.78345030563732
126.50735793525017,96.32884310618067,83.81650441476116
126.50724473624632,96.33393706135386,83.82986189721531
126.56610821824768,96.39970568259,83.8628028073353
126.6831559882273,96.48947249264207,83.9637763187684
126.6650441476115,96.48177496038035,83.92879782657913
126.66855331673081,96.50532035318089,83.9315146026715
126.75832012678289,96.58614444192891,83.99626443287299
126.903441249717,96.68768394838125,84.12259452116821
126.88148064297035,96.68168440117726,84.09814353633688
126.8488793298619,96.65791261036902,84.08784242698664
126.91928911025583,96.7008150328277,84.12916006339144
126.94645687117954,96.7054561919855,84.14115915779941
126.9036676477247,96.67919402309259,84.11987774507584
126.9544940004528,96.71949286846275,84.16142177948834
127.00656554222323,96.7534525696174,84.19504188363142
127.01177269640027,96.76737604709079,84.17093049581163
127.00249037808467,96.77563957437175,84.16776092370387
127.0410912383971,96.7991849671723,84.2107765451664
127.01607425854652,96.7936382159837,84.19232510753905
127.11240661082182,96.85952003622369,84.25549015168667
127.13425401856463,96.88940457323976,84.26918723115237
127.03871405931628,96.81446683269188,84.20002263980076
127.02331899479285,96.81571202173421,84.21654969436268
127.18191079918496,96.93445777677157,84.33314466832692
127.2801675345257,97.01969662666968,84.39551731944759
127.23251075390536,96.99286846275753,84.35227529997736
127.20772017206248,96.99467964681911,84.3583880461852
127.26364047996378,97.0315825220738,84.40264885669006
127.34355897668101,97.10459587955626,84.46411591577994
127.3760470907856,97.1420647498302,84.49773601992302
127.39347973737831,97.16074258546524,84.5041883631424
127.41589314014037,97.1780620330541,84.53611048222776
127.41996830427892,97.19141951550826,84.5455059995472
127.40604482680553,97.17353407290015,84.53101652705456
127.45517319447589,97.19006112746207,84.56418383518225
127.4719266470455,97.18009961512338,84.5601086710437
127.43457097577542,97.160176590446,84.54041204437401
127.40570522979398,97.14432872990717,84.53328050713154
127.48551052750736,97.1966266696853,84.5642970341861
127.4538148064297,97.16549694362689,84.54901516866651
127.43468417477926,97.15100747113425,84.53112972605841
127.47011546298393,97.18123160516187,84.55139234774734
127.53497849218927,97.23058637083993,84.61150101879103
127.54709078560109,97.23013357482454,84.61761376499886
127.59995472039846,97.27428118632557,84.66028978944985
127.53826126330088,97.22752999773601,84.6186325560335
127.45992755263754,97.1827031922119,84.55365632782431
127.45483359746434,97.17772243604256,84.54358161648177
127.54426081050487,97.24032148517092,84.610029431741
127.54878877065882,97.25832012678289,84.62655648630292
127.51075390536563,97.2196060674666,84.59803033733303
127.50837672628481,97.2328503509169,84.61229341181797
127.59282318315599,97.2989585691646,84.67659044600407
127.57256056146706,97.29760018111841,84.6559882273036
127.54097803939325,97.28560108671044,84.64681910799185
127.56746660629386,97.29703418609917,84.6692325107539
127.65915779941136,97.36563278243152,84.73579352501697
127.58931401403667,97.29782657912611,84.67613764998868
127.42087389630971,97.14500792393027,84.54188363142404
127.40027167760924,97.12621688929137,84.52286619877745
127.33869141951551,97.0817296807788,84.47113425401857
127.40321485170931,97.10878424269866,84.50215078107313
127.48041657233416,97.15927099841521,84.5589766810052
127.39766810052072,97.11806656101426,84.51890423364274
127.34299298166177,97.06339144215531,84.45324881141046
127.33676703645008,97.06961738736699,84.463323522753
127.43955173194476,97.12610369028752,84.53192211908535
127.4410233189948,97.12463210323749,84.53882725832013
127.37808467285488,97.09078560108671,84.50260357708852
127.41113878197872,97.10233189947928,84.51267828843106
127.44634367217569,97.13629160063391,84.55931627801675
127.41657233416346,97.12802807335295,84.53565768621236
127.48494453248811,97.16685533167308,84.56542902422458
127.47668100520715,97.1829295902196,84.58478605388272
127.44804165723342,97.16334616255376,84.57323975549015
127.4456644781526,97.16402535657686,84.57369255150554
127.48664251754585,97.20024903780846,84.61014263074485
127.49366085578447,97.19821145573918,84.60901064070636
127.48924609463437,97.21643649535883,84.6095766357256
127.46637989585692,97.19549467964681,84.61184061580258
127.3952909214399,97.11308580484491,84.55026035770885
127.32205116594974,97.04312882046638,84.48890649762282
127.27507357935251,97.00260357708852,84.43219379669459
127.32488114104596,97.01052750735793,84.47622820919176
127.28277111161422,96.9818881593842,84.4085352048902
127.28412949966041,96.97713380122255,84.41906271224813
127.2622820919176,96.9591351596106,84.40400724473625
127.24179307222096,96.94600407516414,84.38883857822051
127.29058184287979,96.96479510980303,84.40762961285941
127.34106859859634,96.98834050260358,84.44487208512565
127.27722436042563,96.96739868689156,84.39585691645914
127.2616028978945,96.94690966719493,84.40638442381707
127.2852614896989,96.96626669685307,84.39778129952457
127.31254244962645,96.97917138329183,84.43072220964456
127.29046864387594,96.9547203984605,84.40208286167082
127.276205569391,96.95494679646819,84.39449852841295
127.289676250849,96.97622820919176,84.40661082182477
127.3210323749151,97.0090559203079,84.44724926420648
127.32239076296129,96.98856690061127,84.4357029658139
127.34672854878878,97.03079012904686,84.45766357256056
127.35601086710437,97.03848766130858,84.4772470002264
127.35646366311977,97.03656327824315,84.46570070183382
127.3358614444193,97.02286619877745,84.4582295675798
127.23805750509395,96.94555127914875,84.37548109576636
127.26964002716777,96.92574145347521,84.38770658818203
127.2008150328277,96.86936834955853,84.31412723568033
127.17285487887706,96.84095539959249,84.29397781299525
127.19028752546977,96.81469323069958,84.29160063391443
127.19900384876613,96.82001358388047,84.29929816617614
127.23703871405931,96.84650215078108,84.31763640479964
127.19764546071994,96.82510753905366,84.30326013131085
127.18632556033506,96.81741000679195,84.27269640027168
127.22503961965134,96.84740774281187,84.31582522073806
127.28854426081051,96.88521621009735,84.36925515055468
127.22628480869368,96.83846502150782,84.29329861897216
127.2419062712248,96.84333257867331,84.29590219606068
127.21904007244736,96.82872990717682,84.29816617613766
127.25141498754812,96.86427439438533,84.33065429024225
127.2852614896989,96.90027167760924,84.3625764093276
127.27405478831787,96.8769526828164,84.34978492189269
127.20964455512791,96.85476567806204,84.3172968077881
127.24541544034412,96.8714059316278,84.31922119085353
127.26726284808694,96.90049807561694,84.32295675798053
127.27971473851031,96.9220058863482,84.35736925515056
127.24881141045958,96.90027167760924,84.3405026035771
127.27960153950646,96.92528865745982,84.37423590672402
127.27054561919856,96.91928911025583,84.37468870273942
127.20239981888159,96.83212587729228,84.29556259904913
127.13923477473398,96.74066108218247,84.24077428118632
127.0963323522753,96.69945664478152,84.18892913742359
127.16640253565768,96.73183155988227,84.21926647045505
127.2056825899932,96.74043468417477,84.24371745528639
127.19345709757754,96.73579352501697,84.2419062712248
127.17059089880009,96.71711568938193,84.20206022187004
127.18677835635046,96.73183155988227,84.22832239076295
127.2191532714512,96.76069730586372,84.24111387819787
127.17919402309259,96.72073805750509,84.20941815712021
127.11965134706814,96.68202399818881,84.17557165496943
127.17172288883857,96.72164364953588,84.21530450532035
127.23635952003622,96.76782884310619,84.25537695268282
127.23217115689381,96.7571881367444,84.2428118632556
127.21847407742811,96.76171609689835,84.2423590672402
127.23183155988227,96.77654516640254,84.25990491283677
127.3172968077881,96.82001358388047,84.29929816617614
127.25582974869822,96.78809146479512,84.26997962417931
127.25118858954042,96.79658139008377,84.28390310165271
127.21598369934344,96.7843558976681,84.27541317636405
127.30427892234549,96.84208738963098,84.31537242472267
127.36031242925063,96.89166855331673,84.35736925515056
127.2578673307675,96.82057957889971,84.3029205342993
127.21779488340502,96.75730133574825,84.237265112067
127.13097124745302,96.68066561014263,84.17251528186551
127.19040072447362,96.67726964002716,84.20489019696626
127.150441476115,96.63923477473398,84.1594973964229
127.14930948607652,96.62565089427213,84.13289563051845
127.11387819787186,96.59859633235227,84.12089653611048
127.08897441702513,96.58501245189042,84.09531356124066
127.11059542676024,96.59203079012904,84.09508716323296
127.08738963097124,96.5828616708173,84.09678514829069
127.0596558750283,96.57674892460946,84.07889970568259
127.0689381933439,96.56203305410912,84.06927779035544
127.10901064070636,96.57493774054788,84.07889970568259
127.11999094407969,96.58625764093276,84.08455965587503
127.0912383971021,96.5817296807788,84.08784242698664
127.12191532714512,96.60301109350237,84.12293411817976
127.13844238170704,96.62021734208739,84.1232737151913
127.14059316278016,96.61716096898347,84.11704776997962
127.08512565089427,96.57652252660176,84.07810731265565
127.11172741679873,96.59667194928684,84.12078333710663
127.1378763866878,96.62961285940683,84.13040525243377
127.18870273941589,96.66266696853067,84.16855331673081
127.1553090332805,96.65474303826126,84.1513470681458
127.16979850577314,96.67579805297713,84.16096898347294
127.11795336201041,96.63448041657233,84.11976454607199
127.06316504414761,96.59021960606746,84.08342766583654
127.11070862576409,96.57278695947475,84.10153950645234
127.01709304958116,96.48109576635726,84.0050939551732
126.98732171156894,96.43400498075617,83.95698437853747
127.01256508942721,96.43355218474078,83.95528639347974
127.05093955173194,96.44362689608332,83.97396422911478
127.03984604935476,96.4410233189948,83.9538148064297
126.94713606520263,96.36608557844691,83.89551731944759
127.00894272130405,96.42608105048676,83.96762508489925
127.04912836767036,96.45528639347974,83.97124745302241
127.05388272583201,96.43774054788318,83.95766357256056
127.02263980076975,96.41838351822504,83.93502377179081
127.05614670590899,96.42992981661762,83.93966493094861
127.08320126782884,96.45619198551053,83.95879556259905
127.05558071088974,96.43038261263301,83.94838125424496
127.07788091464795,96.46049354765678,83.98007697532262
127.0505999547204,96.44860765225266,83.95245641838352
127.04776997962418,96.4454380801449,83.9584559655875
127.08388046185193,96.4675118858954,83.97068145800317
127.06044826805524,96.47045505999547,83.96739868689156
127.04912836767036,96.46275752773376,83.96445551279149
127.110029431741,96.50169798505773,83.99864161195381
127.14942268508037,96.55093955173194,84.03271451211229
127.15859180439212,96.56033506905139,84.04788317862803
127.15915779941136,96.55614670590899,84.03373330314693
127.0278469549468,96.44838125424496,83.9268734435137
126.97543581616482,96.36925515055468,83.88193343898574
126.96207833371066,96.32578673307675,83.8541996830428
126.96898347294544,96.31208965361105,83.83993660855785
126.94260810504868,96.2662440570523,83.78311070862577
126.92676024450985,96.24971700249037,83.76930043015622
126.9679646819108,96.27756395743718,83.7889970568259
126.92257188136745,96.26013131084447,83.78005433552185
126.9500792393027,96.24790581842879,83.77507357935251
126.976794204211,96.28073352954495,83.78220511659498
126.9681910799185,96.27473398234096,83.80439212134934
126.9765678062033,96.25469775865973,83.76262168892914
126.98052977133801,96.26816844011773,83.79341181797601
126.91510074711343,96.22481322164364,83.74224586823635
126.99298166176138,96.27258320126784,83.77292279827938
126.95755037355671,96.26443287299072,83.76398007697533
127.00588634820014,96.28254471360653,83.78322390762962
126.97826579126104,96.28311070862577,83.75990491283677
126.97011546298393,96.279941136518,83.7576409327598
126.98935929363822,96.28469549467965,83.76613085804846
127.0132442834503,96.32273035997284,83.79397781299525
127.04290242245868,96.34944532488115,83.82159836993435
127.03565768621236,96.33574824541545,83.81141045958796
127.07256056146706,96.36868915553544,83.83710663346163
127.04369481548562,96.36574598143537,83.82522073805751
127.0090559203079,96.3217115689382,83.7848086936835
127.01754584559656,96.29295902196061,83.77326239529093
126.9960380348653,96.24066108218247,83.73454833597464
126.98800090559203,96.18836314240434,83.70138102784695
126.90479963776319,96.13889517772243,83.64014036676477
126.91985510527508,96.11693457097577,83.60357708852162
127.013470681458,96.17625084899252,83.66583654063844
127.08331446683269,96.21904007244736,83.71847407742811
127.04878877065882,96.20138102784695,83.72436042562825
127.01143309938873,96.16957210776545,83.6778356350464
127.07640932759791,96.20873896309712,83.72854878877065
127.0921439891329,96.20579578899705,83.70794657007018
127.0640706361784,96.18666515734661,83.70092823183155
127.00599954720398,96.16164817749603,83.65983699343445
127.05852388498981,96.19492868462757,83.687117953362
127.13912157573013,96.24564183835182,83.73907629612859
127.0817296807788,96.22900158478605,83.70421100294317
127.05716549694363,96.19492868462757,83.68043921213493
127.07414534752094,96.22039846049354,83.69696626669685
127.14829069504188,96.27982793751416,83.75673534072901
127.18938193343898,96.29963776318769,83.76216889291375
127.14444192891102,96.29544940004529,83.75990491283677
127.11602897894498,96.27631876839484,83.7430382612633
127.1230473171836,96.29126103690288,83.74620783337106
127.20206022187004,96.35284129499661,83.79533620104144
127.20738057505093,96.36314240434685,83.79375141498755
127.11433099388725,96.26103690287526,83.72628480869368
126.98505773149196,96.14659270998415,83.6195381480643
127.06259904912837,96.16028978944985,83.62904686438759
127.05184514376273,96.1186325560335,83.59406837219832
126.99683042789223,96.06327824315146,83.54414761150102
126.9675118858954,96.02852614896989,83.526941362916
127.01969662666968,96.05603350690514,83.52920534299298
127.14263074484944,96.13357482454154,83.60901064070636
127.08105048675571,96.10889744170251,83.5912383971021
127.01505546751189,96.07176816844012,83.53543128820466
127.07810731265565,96.09814353633688,83.57188136744396
127.14783789902648,96.14489472492642,83.60550147158705
127.12180212814127,96.12723568032601,83.5921439891329
127.08988000905592,96.08557844690966,83.57210776545166
127.11353860086031,96.1321032374915,83.59384197419062
127.10176590446004,96.13448041657233,83.59689834729454
127.11206701381028,96.14704550599954,83.60369028752547
127.03995924835861,96.09916232737152,83.53961965134707
127.05263753678967,96.12033054109123,83.56373103916685
127.12316051618745,96.169911704777,83.60708625764093
127.12474530224134,96.18666515734661,83.61534978492189
127.11138781978718,96.17308127688476,83.61116142177949
127.13153724247226,96.19583427665836,83.62757527733756
127.12123613312203,96.20047543581616,83.63289563051845
127.17715644102331,96.2419062712248,83.65938419741906
127.17036450079239,96.24518904233642,83.673647271904
127.11093502377179,96.17930722209644,83.60821824767942
127.09904912836767,96.13380122254924,83.60086031242925
127.03509169119312,96.06882499434005,83.52184740774281
127.07708852162101,96.06656101426307,83.52682816391216
127.05331673081277,96.0410912383971,83.49898120896536
127.0044147611501,95.98562372651121,83.45596558750283
126.9860765225266,95.9774733982341,83.44306090106407
126.95302241340276,95.94396649309486,83.40547883178628
126.82556033506906,95.8486529318542,83.30201494226851
126.6831559882273,95.70319221190853,83.13855558071089
126.44555127914875,95.4582295675798,82.86506678741227
126.29058184287979,95.303146932307,82.67568485397328
126.21836087842426,95.23171836087842,82.60233189947928
126.20998415213946,95.24145347520941,82.59735114330994
126.25073579352502,95.27903554448721,82.62168892913742
126.20319221190853,95.23477473398233,82.58580484491736
126.20443740095087,95.252999773602,82.60504867557165
126.2061353860086,95.25050939551733,82.5919175911252
126.18564636631197,95.26454607199457,82.6098030337333
126.28186551958343,95.33506905139235,82.68258999320805
126.31514602671497,95.37853746887028,82.72956757980529
126.29261942494907,95.37944306090107,82.72764319673986
126.33733303146933,95.39789449852842,82.7576409327598
126.3261263300883,95.40604482680553,82.75843332578674
126.3486529318542,95.42483586144442,82.78650667874123
126.36891555354313,95.449852841295,82.80959927552638
126.37027394158932,95.44385329409101,82.80937287751868
126.30235453928006,95.37061353860086,82.76420647498303
126.1734208738963,95.25594294770207,82.64263074484944
126.20647498302014,95.24643423137876,82.66402535657686
126.17296807788091,95.2010414308354,82.63821598369934
126.21394611727416,95.21711568938193,82.65146026714964
126.23103916685533,95.22673760470907,82.64908308806882
126.16787412270772,95.19028752546977,82.613764998868
126.17602445098483,95.19085352048901,82.60640706361784
126.12961285940683,95.18406158025809,82.58988000905592
126.11942494906044,95.16176137649988,82.55410912383971
126.13142404346841,95.17557165496943,82.57074937740548
126.15700701833823,95.18383518225039,82.59893592936382
126.11942494906044,95.16096898347294,82.58444645687118
126.06225945211682,95.12463210323749,82.54392121349332
126.16685533167308,95.20511659497396,82.62508489925288
126.16832691872311,95.22187004754358,82.64002716776092
126.08942721304052,95.18598596332352,82.60029431741
126.08161648177496,95.18813674439664,82.6139913968757
126.17749603803486,95.26092370387141,82.6915327145121
126.22028526148969,95.33393706135386,82.74915100747113
126.26839483812543,95.39778129952457,82.84299298166177
126.41940230925968,95.54448720851256,83.01279148743491
126.47373783110709,95.62429250622594,83.07946570070183
126.48313334842653,95.64964908308806,83.11512338691419
126.50294317410007,95.66515734661535,83.1458003169572
126.41510074711343,95.60040751641385,83.06090106407063
126.41894951324429,95.58886121802128,83.09089880009056
126.36823635952004,95.5090559203079,83.04278922345483
126.34355897668101,95.47011546298393,82.98992528865746
126.38249943400498,95.47803939325334,83.02071541770432
126.28469549467965,95.39359293638216,82.97294543808015
126.28956305184515,95.38748019017433,82.94928684627575
126.31797600181119,95.43038261263301,82.97271904007245
126.25311297260585,95.37887706588182,82.92257188136745
126.21326692325107,95.3539732850351,82.91374235906724
126.2328503509169,95.36223681231606,82.91996830427892
126.31876839483813,95.42132669232511,83.00237717908082
126.26013131084447,95.39008376726285,82.94407969209871
126.21892687344351,95.36506678741227,82.9270998415214
126.22243604256282,95.36902875254698,82.92257188136745
126.21598369934344,95.37661308580485,82.93774054788318
126.18021281412723,95.36031242925063,82.93264659270999
126.16640253565768,95.36551958342767,82.9312882046638
126.14251754584559,95.339823409554,82.90638442381707
126.11082182476794,95.33257867330768,82.91408195607879
126.1367443966493,95.3541996830428,82.93015621462531
126.16798732171156,95.37932986189722,82.9456644781526
126.05048675571655,95.31333484265339,82.89325333937062
125.96196513470682,95.26058410685987,82.84276658365407
126.01754584559656,95.30914647951099,82.88861218021282
126.01052750735793,95.32522073805751,82.90921439891329
125.87887706588182,95.2282091917591,82.81299524564184
125.81808920081504,95.16096898347294,82.78616708172969
125.79046864387594,95.09531356124066,82.73194475888612
125.69583427665836,95.01358388046185,82.66685533167308
125.63029205342993,94.94611727416799,82.6049354765678
125.6550826352728,94.95177722436043,82.61297260584107
125.66074258546524,94.95438080144895,82.62666968530677
125.67330767489246,94.96117274167987,82.63640479963776
125.65168666515734,94.94906044826806,82.63991396875707
125.5872764319674,94.9041204437401,82.5914647951098
125.58897441702513,94.91419515508264,82.59508716323296
125.63549920760697,94.93208059769074,82.63549920760697
125.58512565089427,94.89766810052072,82.57969209870953
125.51947022866199,94.87016074258547,82.57844690966719
125.53848766130858,94.88102784695495,82.57957889970568
125.55105275073579,94.89393253339371,82.59791713832918
125.4403441249717,94.82759791713833,82.53656327824315
125.34684174779262,94.76635725605615,82.47690740321485
125.3449173647272,94.7899026488567,82.48483133348427
125.35091691193118,94.79114783789903,82.49705682589993
125.35544487208513,94.80552411138783,82.51652705456192
125.29590219606068,94.78197871858728,82.50679194023093
125.27235680326014,94.76884763414083,82.4863029205343
125.24632103237491,94.75073579352502,82.46366311976455
125.20273941589313,94.74134027620556,82.4589087616029
125.1594973964229,94.71405931627801,82.43819334389858
125.12021734208739,94.7010414308354,82.41951550826353
125.06169345709758,94.64263074484944,82.38657459814354
124.95924835861445,94.53950645234322,82.32940910119991
124.87333031469323,94.45256961738737,82.25458455965588
124.83846502150782,94.4078560108671,82.22764319673986
124.81254244962645,94.36393479737379,82.18994792845822
124.76816844011773,94.326352728096,82.16006339144215
124.69956984378537,94.2892234548336,82.12406610821824
124.6464795109803,94.25073579352502,82.0910119990944
124.6875707493774,94.28424269866426,82.13549920760697
124.64070636178401,94.26918723115237,82.11218021281412
124.61795336201041,94.23454833597464,82.11161421779488
124.57448494453249,94.21247453022413,82.08003169572108
124.57686212361331,94.2059089880009,82.1011999094408
124.47226624405705,94.14998868009961,82.05139234774734
124.38691419515509,94.09259678514829,81.97849218926874
124.39449852841295,94.09961512338691,81.98517093049581
124.36551958342767,94.09667194928684,81.98618972153045
124.2666968530677,94.03418609916233,81.9315146026715
124.21462531129725,94.01233869141952,81.92325107539054
124.24937740547882,94.04448720851256,81.93377858274847
124.23115236585917,94.03633688023545,81.94849445324881
124.14636631197645,93.98381254244963,81.91510074711343
124.10459587955626,93.96445551279149,81.89891328956305
124.14364953588408,93.99728322390763,81.94306090106407
124.05173194475888,93.95155082635273,81.88759338917818
123.97600181118406,93.89642291147838,81.84333257867331
123.85985963323523,93.8029205342993,81.77903554448721
123.83359746434232,93.74383065429024,81.74167987321711
123.70805976907403,93.62531129726058,81.63131084446456
123.59814353633688,93.52660176590446,81.56056146705909
123.50498075616935,93.44260810504868,81.4867557165497
123.46196513470682,93.41725152818655,81.44894724926421
123.43932533393706,93.40502603577089,81.45551279148744
123.34231378763867,93.34593615576183,81.38498981208966
123.30586370839937,93.3214851709305,81.38940457323976
123.3349558523885,93.33721983246548,81.41838351822504
123.3082408874802,93.31650441476116,81.40298845370161
123.223794430609,93.24892460946343,81.3351822503962
123.16232737151913,93.21043694815485,81.30688249943401
123.11331220285261,93.18858954041204,81.30099615123387
123.08467285487887,93.15689381933439,81.29397781299525
123.00294317410007,93.10810504867557,81.24473624632103
122.98324654743038,93.10685985963323,81.24167987321711
122.863029205343,93.03192211908535,81.17715644102331
122.79997736019924,93.00215078107313,81.14263074484944
122.85363368802355,93.03112972605841,81.19753226171609
122.77009282318316,92.98324654743038,81.1687797147385
122.72164364953588,92.96479510980303,81.14240434684174
122.77280959927553,93.0044147611501,81.18870273941589
122.76398007697533,93.00362236812316,81.20794657007018
122.62236812316051,92.90400724473625,81.11512338691419
122.44736246321033,92.78616708172969,81.00113199003849
122.36133122028527,92.68824994340049,80.93898573692552
122.32239076296129,92.62621688929137,80.8994792845823
122.25379216662894,92.54878877065882,80.83110708625765
122.11082182476794,92.44396649309486,80.7532261716097
122.0547883178628,92.3948381254245,80.70024903780846
122.08003169572108,92.40661082182477,80.71371971926646
122.03395970115463,92.3809146479511,80.71168213719719
121.92823183155988,92.30122254924157,80.64489472492642
121.85804844917365,92.25582974869822,80.6190853520489
121.85510527507358,92.24417025130178,80.59180439212135
121.7755263753679,92.18655195834276,80.55795788997057
121.66561014263074,92.11693457097577,80.4823409553996
121.59497396422911,92.073352954494,80.44724926420648
121.55195834276658,92.03905365632782,80.42302467738284
121.53565768621236,92.03984604935476,80.43208059769074
121.44951324428345,91.99445324881141,80.39710210550147
121.37016074258547,91.93728775186779,80.35035091691194
121.27835635046412,91.87819787185873,80.30246773828391
121.31582522073806,91.9220058863482,80.34593615576183
121.25684853973286,91.88872537921667,80.33201267828844
121.13798958569164,91.80246773828391,80.24835861444419
121.13504641159157,91.81616481774961,80.28390310165271
121.11897215304505,91.8124292506226,80.27314919628708
121.00984831333484,91.72979397781299,80.20421100294317
120.85714285714286,91.61082182476794,80.12712248132216
120.81763640479964,91.52886574598143,80.07188136744396
120.73409553995924,91.4544940004528,80.0050939551732
120.64919628707267,91.38012225492416,79.9312882046638
120.54267602445098,91.28356350464117,79.84831333484266
120.48075616934571,91.22809599275526,79.81990038487662
120.39132895630519,91.17093049581163,79.7523205795789
120.31446683269188,91.12848086936835,79.71892687344351
120.24269866425175,91.05263753678967,79.66776092370387
120.19651347068145,91.04980756169346,79.65712021734208
120.2098709531356,91.04290242245868,79.66006339144215
120.17172288883857,90.99988680099615,79.64376273488793
120.08003169572108,90.94328729907177,79.58965361104822
120.01301788544261,90.91419515508264,79.56158025809373
120.00701833823862,90.90151686665158,79.5731265564863
119.95234321937967,90.88374462304732,79.55150554675119
119.86846275752774,90.8303146932307,79.4995472039846
119.8026941362916,90.78888385782206,79.47871858727643
119.71428571428571,90.73251075390536,79.4222322843559
119.6641385555807,90.71621009735114,79.42359067240209
119.6374235906724,90.68530676930042,79.43140140366765
119.5826352728096,90.64964908308806,79.389970568259
119.50101879103464,90.61829295902196,79.33348426533847
119.41974190627123,90.55512791487435,79.29465700701834
119.31231605161875,90.4684174779262,79.23024677382838
119.24711342540185,90.37310391668554,79.15893140140366
119.11229341181797,90.23930269413628,79.05161874575504
119.04324201947023,90.18077880914647,79.01018791034639
119.0,90.13798958569164,78.97713380122255
118.9217794883405,90.07414534752094,78.9078560108671
118.84061580258094,90.02354539280054,78.86800996151234
118.73669911704776,89.97079465700702,78.80393932533394
118.72028526148969,89.94328729907177,78.80393932533394
118.68723115236585,89.9178175232058,78.79963776318769
118.6513470681458,89.90049807561694,78.79884537016075
118.58761602897894,89.85702965813901,78.75956531582523
118.50249037808467,89.78933665383745,78.70907856010867
118.40321485170931,89.71836087842426,78.63074484944532
118.39076296128594,89.72096445551279,78.62666968530677
118.36529318541997,89.70964455512791,78.6376499886801
118.28492189268735,89.6606293864614,78.59067240208286
118.13923477473398,89.57369255150554,78.50498075616935
118.146705908988,89.5773149196287,78.52558297486982
118.06033506905139,89.53633688023545,78.49615123386914
118.00158478605388,89.50475435816165,78.46570070183382
118.01630065655422,89.5141498754811,78.50215078107313
117.9637763187684,89.49841521394612,78.46637989585692
117.91679873217116,89.45460719945665,78.44849445324881
117.75243377858276,89.30914647951099,78.33155988227304
117.64240434684174,89.20624858501245,78.23703871405931
117.60142630744849,89.15055467511885,78.20579578899705
117.55229793977813,89.09078560108671,78.16074258546524
117.45064523432194,89.01335748245415,78.10448268055241
117.38544260810505,88.96694589087616,78.06316504414761
117.34174779261943,88.9312882046638,78.03373330314693
117.2894498528413,88.89268734435137,77.99264206474983
117.22243604256282,88.86167081729681,77.9728322390763
117.20624858501245,88.84820013583881,77.95494679646819
117.14387593389178,88.80088295223003,77.91872311523659
117.10821824767942,88.78129952456419,77.88759338917818
117.08059769074032,88.75662214172516,77.8760470907856
117.05659950192438,88.75820692777904,77.88612180212814
117.02479058184288,88.73137876386687,77.88034865293186
116.98562372651121,88.72039846049354,77.87321711568939
116.91725152818655,88.68157120217342,77.8400498075617
116.88827258320127,88.67794883405026,77.8402762055694
116.84242698664252,88.65202626216889,77.83020149422686
116.84718134480417,88.66210097351143,77.830088295223
116.79307222096446,88.63029205342993,77.80642970341862
116.82963549920761,88.65564863029205,77.84650215078108
116.79590219606068,88.64512112293411,77.82137197192665
116.75209418157121,88.61387819787186,77.81876839483813
116.69538148064296,88.55218474077428,77.77303599728323
116.55829748698211,88.42698664251755,77.66198777450758
116.52660176590446,88.35612406610822,77.61784016300656
116.42743943853294,88.29397781299525,77.57233416345936
116.4591351596106,88.29952456418384,77.58297486982114
116.32488114104596,88.20353180892008,77.47973737831107
116.31458003169573,88.18643875933891,77.49128367670365
116.29669458908762,88.18723115236585,77.4863029205343
116.30144894724927,88.19255150554675,77.48335974643423
116.24077428118632,88.15010187910346,77.43185419968304
116.19979624179307,88.11965134706814,77.4175911251981
116.19990944079692,88.11568938193344,77.41408195607879
116.15270545619198,88.0914647951098,77.37910346388952
116.13051845143762,88.08150328277111,77.37876386687797
116.0726737604709,88.04946796468191,77.34684174779262
116.08433325786733,88.06112746207833,77.36902875254698
116.06214625311297,88.06146705908988,77.35555807108898
115.9949060448268,88.03067693004301,77.33971021055015
115.9317410006792,87.98709531356124,77.27767715644103
116.01947022866199,88.0543355218474,77.37129273262396
116.03792166628934,88.06701381027847,77.38170704097804
115.98200135838805,88.04380801448947,77.35646366311977
115.98618972153045,88.06056146705909,77.36416119538148
116.0046411591578,88.06282544713606,77.39155535431289
115.92472266244057,87.97475662214173,77.34163459361558
115.80167534525697,87.86563278243152,77.23783110708625
115.79273262395292,87.81741000679195,77.21281412723567
115.71428571428571,87.76409327597918,77.12983925741453
115.67647724700022,87.72334163459361,77.09780393932533
115.65496943626896,87.69673986868915,77.08671043694815
115.56746660629386,87.64342313787638,77.02479058184288
115.6000679194023,87.67059089880009,77.06271224813221
115.58105048675571,87.650441476115,77.04097803939325
115.56056146705909,87.64795109803033,77.04312882046638
115.53984604935476,87.62610369028752,77.02365859180439
115.54697758659724,87.62655648630292,77.03237491510075
115.5406384423817,87.63074484944532,77.03011093502377
115.53905365632782,87.65236585918043,77.04754358161648
115.5178854426081,87.63980076975322,77.04188363142404
115.47000226398008,87.60923703871406,77.01098030337333
115.43841974190627,87.59508716323296,77.00520715417704
115.47034186099162,87.62678288431061,77.00781073126556
115.47634140819561,87.63934797373783,77.02965813900838
115.44249490604483,87.62112293411818,77.02467738283903
115.4089880009056,87.61512338691419,77.0048675571655
115.42393026941363,87.62644328729907,77.01958342766584
115.37797147385103,87.61387819787186,76.99547203984605
115.30212814127236,87.55241113878198,76.94872085125651
115.24349105727869,87.47905818428798,76.89076296128594
115.25130178854427,87.45800316957211,76.88487661308581
115.27541317636405,87.426647045506,76.88148064297035
115.16674213266923,87.34265338465022,76.79205342992982
115.13651799864161,87.30393932533394,76.7625084899253
115.13493321258773,87.29793977812996,76.75492415666743
115.18213719719266,87.33665383744624,76.79261942494907
115.15383744623047,87.3219379669459,76.7669232510754
115.12259452116821,87.30552411138783,76.75458455965588
115.14930948607652,87.32533393706136,76.78661987774508
115.13153724247226,87.29975096219154,76.737265112067
115.10878424269866,87.30043015621463,76.73002037582069
115.11093502377179,87.2989585691646,76.72707720172062
115.10210550147158,87.30144894724927,76.73658591804391
115.17976001811184,87.36959474756623,76.80235453928006
115.2196060674666,87.40140366764773,76.84321937966946
115.10244509848313,87.32533393706136,76.76930043015622
115.08252207380575,87.3175232057958,76.75084899252887
115.14885669006112,87.3714059316278,76.80609010640707
115.19413629160063,87.40864840389405,76.83654063844239
115.0919175911252,87.36993434457777,76.78345030563732
115.09474756622141,87.38125424496265,76.78865745981436
115.20670138102784,87.45585238849898,76.86936834955853
115.22764319673986,87.48245415440344,76.89132895630519
115.24847181344803,87.49717002490378,76.91521394611728
115.08908761602898,87.353294091012,76.7940910119991
115.01697985057731,87.26884763414083,76.72277563957437
115.07007018338238,87.2803939325334,76.7098709531356
115.10901064070636,87.30405252433779,76.75481095766358
115.02490378084673,87.22503961965134,76.66470455059995
115.07595653158252,87.24983020149422,76.7014942268508
115.15723341634593,87.31254244962645,76.74383065429024
115.13629160063391,87.3035997283224,76.73760470907855
115.13968757074937,87.32001358388047,76.75967851482908
115.14115915779941,87.30144894724927,76.75333937061355
115.1184061580258,87.30043015621463,76.72413402762055
115.1829295902196,87.3446909667195,76.77371519130632
115.21507810731265,87.363029205343,76.79171383291828
115.17591125198098,87.36427439438533,76.77790355444873
115.20715417704324,87.38929137423591,76.79216662893367
115.26635725605615,87.44113651799864,76.84355897668101
115.20036223681231,87.4089880009056,76.80903328050714
115.22334163459361,87.41668553316731,76.82374915100748
115.28820466379896,87.4907176816844,76.86914195155083
115.3073352954494,87.513470681458,76.88034865293186
115.29624179307223,87.51437627348879,76.88804618519357
115.29205342992982,87.51845143762735,76.8946117274168
115.31152365859181,87.5410912383971,76.89721530450532
115.32771111614218,87.58206927779035,76.92030790129047
115.37446230473172,87.6241793072221,76.95098483133349
115.37989585691646,87.64398913289563,76.97407742811863
115.35046411591578,87.60550147158705,76.9544940004528
115.29126103690288,87.5315825220738,76.89336653837447
115.25515055467513,87.47441702513018,76.84989812089654
115.32295675798053,87.4997736019923,76.8813674439665
115.27971473851031,87.45981435363369,76.83597464342314
115.33280507131538,87.50135838804619,76.86359520036224
115.34265338465022,87.51007471134254,76.87457550373557
115.34582295675798,87.52422458682364,76.87276431967399
115.3214851709305,87.51256508942721,76.86642517545846
115.3210323749151,87.51358388046185,76.86291600633915
115.46366311976455,87.6146705908988,76.95641838351823
115.46456871179534,87.62712248132216,76.97271904007245
115.44317410006792,87.6058410685986,76.94362689608332
115.49286846275753,87.66640253565768,77.0041883631424
115.55184514376273,87.70692777903554,77.02603577088522
115.55931627801675,87.74100067919402,77.04776997962418
115.52965813900838,87.72141725152818,77.0273941589314
115.54188363142404,87.75956531582523,77.0594294770206
115.60165270545619,87.80235453928006,77.09282318315599
115.6095766357256,87.82714512112294,77.12338691419515
115.68304278922345,87.88702739415893,77.17104369481548
115.72051165949739,87.90661082182477,77.19968304278922
115.73568032601312,87.94351369707947,77.19990944079692
115.81322164364954,88.01845143762735,77.2715644102332
115.85759565315826,88.07165496943627,77.312882046638
115.83631424043469,88.06350464115916,77.30484491736473
115.88012225492416,88.09520036223681,77.34876613085805
115.8172968077881,88.0322617160969,77.30076975322618
115.76330088295224,87.95460719945665,77.22232284355897
115.71304052524337,87.90887480190175,77.1827031922119
115.71870047543581,87.9089880009056,77.17274167987321
115.7622820919176,87.92947702060222,77.1824767942042
115.8124292506226,87.9494000452796,77.20885216210097
115.77484718134481,87.93332578673308,77.18587276431967
115.80518451437628,87.96219153271451,77.21043694815485
115.82431514602672,87.99479284582296,77.23964229114783
115.8632556033507,88.01448947249264,77.26103690287526
115.88000905592031,88.03169572107765,77.27394158931402
115.85680326013131,88.03112972605841,77.24462304731718
115.85702965813901,88.02841294996604,77.25865972379444
115.8632556033507,88.05569390989359,77.26148969889066
115.92302467738284,88.10210550147158,77.30190174326466
115.91657233416346,88.11184061580258,77.32986189721531
115.89823409553996,88.10946343672175,77.32397554901517
115.93774054788318,88.14930948607652,77.36189721530451
115.97509621915327,88.18904233642743,77.39144215530904
116.00249037808467,88.22266244057052,77.40989359293638
116.02637536789676,88.25390536563279,77.4494000452796
116.0,88.25118858954042,77.43411817976002
116.08365406384424,88.3168440117727,77.50158478605388
116.07629612859407,88.33710663346163,77.51358388046185
116.09927552637537,88.36178401630066,77.54120443740095
116.13708399366085,88.40242245868237,77.57256056146706
116.07923930269413,88.35035091691194,77.53554448720851
116.01460267149649,88.2618292959022,77.46411591577994
115.99683042789223,88.23115236585917,77.44147611501019
116.0320353180892,88.2288883857822,77.44260810504868
115.98879329861897,88.19583427665836,77.4182703192212
115.9681910799185,88.16311976454607,77.3906497622821
115.96128594068372,88.16153497849218,77.37819787185873
115.93694815485624,88.16345936155761,77.39370613538601
115.89347973737831,88.13482001358388,77.35850124518905
115.93819334389858,88.1696853067693,77.37050033959702
115.97419062712248,88.20353180892008,77.43094860765225
115.9268734435137,88.16764772470002,77.38781978718588
115.89970568259,88.14806429703418,77.38397102105502
115.87593389178176,88.1553090332805,77.36053882725832
115.98064297034186,88.23386914195154,77.45166402535658
115.99841521394612,88.25379216662894,77.47939778129953
115.89053656327825,88.19560787865066,77.40762961285941
115.86653837446231,88.19141951550826,77.40525243377859
115.9270998415214,88.2379443060901,77.43830654290242
116.01233869141952,88.30054335521848,77.51120670138103
115.97917138329183,88.30088295223003,77.49184967172289
115.9593615576183,88.29601539506453,77.5095087163233
115.99762282091918,88.33461625537696,77.5369028752547
116.01528186551958,88.36178401630066,77.54301562146253
115.96219153271451,88.33688023545393,77.53418609916233
115.94430609010641,88.3082408874802,77.5139234774734
115.91849671722889,88.29137423590673,77.49943400498076
115.92415666742133,88.25016979850578,77.48562372651121
115.83416345936156,88.17002490378084,77.41227077201721
115.82261716096899,88.13878197871858,77.39608331446684
115.82522073805751,88.13131084446456,77.40423364274395
115.85646366311977,88.1378763866878,77.39664930948608
115.84231378763867,88.1420647498302,77.39517772243605
115.82057957889971,88.13063165044147,77.38702739415893
115.78650667874123,88.11659497396423,77.37446230473172
115.80133574824542,88.13074484944532,77.37797147385103
115.80903328050714,88.12666968530677,77.38646139913969
115.76975322617162,88.09701154629839,77.3539732850351
115.78163912157574,88.12406610821824,77.37072673760471
115.84706814580032,88.17670364500792,77.42936382159837
115.86540638442382,88.19628707267375,77.45438080144895
115.86665157346616,88.20828616708172,77.44792845822957
115.83789902648857,88.17636404799637,77.44804165723342
115.8029205342993,88.17025130178854,77.4220058863482
115.82261716096899,88.2063617840163,77.4503056373104
115.88385782205117,88.26398007697533,77.5181118406158
115.82137197192665,88.21179533620104,77.45856916459135
115.86019923024678,88.2532261716097,77.5086031242925
115.85736925515056,88.28141272356804,77.5141498754811
115.86178401630066,88.27563957437175,77.50362236812316
115.80982567353408,88.25039619651348,77.4958116368576
115.7151913063165,88.16210097351143,77.4273262395291
115.67885442608105,88.10244509848313,77.37989585691646
115.65915779941136,88.0645234321938,77.3623500113199
115.57131537242472,88.00067919402309,77.28797826579127
115.5406384423817,87.94849445324881,77.23851030110934
115.59418157120217,87.97475662214173,77.27009282318316
115.57606973058637,87.97249264206475,77.26771564410234
115.51720624858501,87.94973964229115,77.24473624632103
115.51358388046185,87.93581616481775,77.24077428118632
115.52626216889291,87.94509848313335,77.25266017659045
115.53384650215078,87.94792845822957,77.24552863934797
115.49830201494227,87.94872085125651,77.25062259452118
115.48471813448042,87.93298618972153,77.22617160968983
115.53792166628934,87.96830427892235,77.28152592257189
115.5687117953362,88.0046411591578,77.31956078786507
115.5362236812316,87.9909440796921,77.2852614896989
115.50633914421553,87.97928458229568,77.27711116142179
115.40762961285941,87.92053429929817,77.20919175911251
115.44158931401404,87.9494000452796,77.23522752999773
115.44306090106407,87.97056825899932,77.26703645007925
115.43298618972153,87.97226624405705,77.26737604709079
115.40310165270546,87.95664478152592,77.247000226398
115.46094634367218,88.00724473624632,77.28345030563732
115.48313334842653,88.04460040751641,77.34820013583881
115.44238170704098,87.9997736019923,77.29556259904913
115.43004301562146,87.99388725379217,77.29692098709532
115.39212134933213,87.92426986642518,77.2465474303826
115.35567127009283,87.87785827484718,77.21021055014715
115.3119764546072,87.83133348426534,77.18677835635046
115.25832012678289,87.78288431061807,77.13289563051845
115.25492415666743,87.75016979850578,77.11104822277564
115.23511433099388,87.75243377858276,77.09576635725605
115.25990491283677,87.75956531582523,77.12078333710663
115.21088974417025,87.73828390310165,77.08716323296355
115.18474077428118,87.71338012225492,77.05807108897442
115.22220964455512,87.74247226624405,77.10402988453701
115.18915553543128,87.72153045053203,77.0638442381707
115.19300430156214,87.7291147837899,77.09791713832918
115.23964229114783,87.7752999773602,77.13459361557618
115.26567806203306,87.7936382159837,77.14998868009961
115.30767489246095,87.82488114104596,77.1824767942042
115.24564183835182,87.79839257414535,77.14829069504188
115.19130631650441,87.76330088295224,77.1186325560335
115.2291147837899,87.8119764546072,77.15666742132669
115.25118858954042,87.83303146932307,77.1787412270772
115.22209644555127,87.82997509621916,77.1877971473851
115.15768621236133,87.78175232057959,77.14274394385329
115.18564636631197,87.82284355897669,77.15361104822277
115.19368349558523,87.84729454380802,77.19107991849671
115.19096671949286,87.85001131990039,77.18609916232737
115.20443740095087,87.86529318541997,77.19345709757754
115.11761376499886,87.77892234548337,77.12429250622594
115.05818428797826,87.71587050033959,77.0819560787865
115.02060221870047,87.66006339144215,77.0276205569391
114.96139913968757,87.60572786959474,76.96128594068372
114.97271904007245,87.59033280507131,76.95811636857596
114.9500792393027,87.573352954494,76.9445324881141
114.96660629386461,87.58229567579805,76.94430609010641
114.94668326918723,87.57957889970568,76.94883405026036
114.94147611501019,87.59270998415214,76.94634367217569
114.98007697532262,87.61772696400271,76.99037808467286
115.0273941589314,87.64127235680326,77.0227529997736
115.00384876613086,87.63583880461852,77.0092823183156
115.01867783563505,87.64987548109576,77.01437627348879
114.98460493547657,87.63980076975322,77.00747113425402
115.06984378537469,87.70805976907403,77.0680326013131
115.10504867557165,87.72968077880914,77.08920081503283
115.01528186551958,87.70941815712021,77.05841068598596
115.0136970794657,87.70364500792392,77.05444872085125
115.08920081503283,87.75141498754812,77.11195381480643
115.13017885442608,87.80031695721078,77.14738510301109
115.1051618745755,87.78594068372199,77.13040525243377
115.13074484944532,87.83484265338465,77.16810052071541
115.09678514829069,87.8170704097804,77.14387593389178
115.20183382386234,87.89381933438986,77.22651120670137
115.20024903780846,87.92721304052525,77.23681231605161
115.20772017206248,87.93287299071768,77.24711342540185
115.1460267149649,87.89110255829749,77.20953135612406
115.12270772017206,87.85012451890424,77.19255150554675
115.12157573013357,87.8163912157573,77.16198777450758
115.06486302920534,87.75639574371746,77.10595426760244
115.04935476567806,87.7156441023319,77.07414534752094
115.05671270092823,87.71870047543581,77.07606973058637
115.08059769074032,87.71779488340502,77.07176816844012
115.11014263074485,87.75537695268282,77.10753905365632
115.15078107312655,87.78412949966041,77.13606520262621
115.113764998868,87.77960153950646,77.12757527733756
115.16662893366538,87.816617613765,77.1550826352728
115.15836540638442,87.81514602671497,77.16538374462304
115.19051392347747,87.82940910119991,77.18089200815032
115.20794657007018,87.85159610595427,77.17127009282318
115.20047543581616,87.8678967625085,77.17885442608105
115.20602218700475,87.8758206927779,77.18926873443513
115.22187004754358,87.89404573239756,77.2154177043242
115.22741679873216,87.90570522979398,77.21371971926646
115.28028073352955,87.95438080144895,77.26828163912158
115.27416798732172,87.95698437853747,77.2713380122255
115.31865519583428,88.00113199003849,77.30937287751868
115.29318541996831,87.99241566674213,77.2848086936835
115.30076975322618,88.01664025356577,77.31254244962645
115.35929363821599,88.05784469096672,77.35193570296582
115.38951777224361,88.10595426760244,77.36891555354313
115.41181797600181,88.12451890423364,77.39427213040526
115.42098709531356,88.13889517772243,77.40015847860539
115.37389630971248,88.0779941136518,77.37446230473172
115.29227982793752,87.98358614444193,77.29171383291828
115.29567579805298,87.95800316957211,77.25911251980983
115.3035997283224,87.96592709984152,77.29058184287979
115.2985057731492,87.9398913289563,77.2574145347521
115.29216662893367,87.93094860765225,77.24835861444419
115.27507357935251,87.91181797600181,77.23556712700928
115.19390989359293,87.88453701607426,77.19424949060448
115.23896309712474,87.91102558297487,77.19832465474303
115.2711116142178,87.92460946343672,77.2291147837899
115.25481095766358,87.92189268734435,77.20896536110482
115.26409327597918,87.93808014489473,77.25198098256736
115.30880688249944,87.97951098030337,77.26409327597918
115.33144668326919,88.00894272130405,77.28345030563732
115.35250169798506,88.02162100973511,77.29601539506453
115.39359293638216,88.06882499434005,77.32544713606521
115.39257414534752,88.07946570070183,77.33484265338465
115.43185419968304,88.11614217794883,77.35895404120444
115.50135838804619,88.16357256056146,77.41374235906724
115.50147158705003,88.18587276431967,77.42415666742133
115.53520489019697,88.22503961965134,77.45800316957211
115.57403214851709,88.2711116142178,77.4814353633688
115.57584333257867,88.27314919628708,77.49366085578447
115.56973058637084,88.28243151460268,77.52082861670817
115.56610821824768,88.29420421100295,77.51528186551958
115.62067013810278,88.3312202852615,77.54833597464342
115.54471360652026,88.2671496490831,77.49909440796921
115.48720851256509,88.19107991849671,77.44272130405253
115.42721304052525,88.12565089427213,77.40547883178628
115.31276884763415,88.0178854426081,77.29488340502604
115.2235680326013,87.936382159837,77.23318994792845
115.25662214172516,87.95687117953362,77.25832012678289
115.23171836087842,87.92857142857143,77.21802128141272
115.21021055014715,87.9220058863482,77.20285261489698
115.18383518225039,87.90955399592484,77.18032601313108
115.1922119085352,87.92472266244057,77.18723115236585
115.22254924156667,87.93219379669459,77.21587050033959
115.09542676024451,87.84220058863482,77.12848086936835
115.15519583427665,87.88306542902423,77.16164817749603
115.35103011093503,88.03079012904686,77.28718587276433
115.3632556033507,88.05637310391668,77.29669458908762
115.39698890649763,88.06644781525922,77.32895630518452
115.42755263753679,88.09746434231378,77.35204890196967
115.3988000905592,88.06927779035544,77.33405026035771
115.50611274620783,88.16957210776545,77.4178175232058
115.54776997962418,88.19719266470454,77.43468417477926
115.52479058184288,88.1778356350464,77.41894951324429
115.53961965134707,88.20760697305863,77.45166402535658
115.513470681458,88.18281639121575,77.41521394611728
115.46343672175685,88.15745981435363,77.40332805071316
115.42528865745982,88.12949966040298,77.3720851256509
115.40581842879783,88.09316278016753,77.35238849898121
115.36631197645461,88.04301562146253,77.31027846954947
115.34616255376953,87.9955852388499,77.30767489246095
115.32499434004981,87.95970115462984,77.26488566900612
115.33506905139235,87.93728775186779,77.25333937061355
115.28243151460268,87.88634820013584,77.19900384876613
115.18915553543128,87.80450532035319,77.12621688929137
115.22107765451663,87.84072900158479,77.15564863029205
115.27563957437175,87.88080144894725,77.17308127688476
115.40864840389405,87.97373783110709,77.26454607199457
115.37966945890877,87.94770206022187,77.25458455965588
115.29318541996831,87.87740547883179,77.19492868462757
115.26839483812543,87.8762734887933,77.18349558523884
115.35804844917365,87.94272130405253,77.25582974869822
115.42325107539054,87.990264885669,77.29499660402989
115.42404346841748,87.99694362689608,77.31401403667648
115.42630744849446,88.0132442834503,77.30348652931855
115.50916911931175,88.07210776545166,77.36970794657007
115.49728322390763,88.06237265112067,77.36778356350464
115.53588408422006,88.11014263074485,77.39959248358615
115.67308127688476,88.1973058637084,77.47973737831107
115.68858954041204,88.22583201267828,77.50305637310392
115.683382386235,88.22605841068598,77.49818881593842
115.75096219153272,88.247000226398,77.52637536789676
115.72526601765904,88.2012678288431,77.51086710436948
115.54482680552411,88.05263753678967,77.35759565315826
115.56961738736699,88.06112746207833,77.37265112067014
115.67817523205795,88.13017885442608,77.43479737378311
115.67093049581163,88.12983925741453,77.4270998415214
115.68926873443513,88.14772470002264,77.4447588861218
115.7110029431741,88.18372198324654,77.4726058410686
115.76737604709079,88.21428571428571,77.49898120896536
115.78175232057959,88.24054788317862,77.52614896988906
115.87446230473172,88.31027846954947,77.59769074032148
115.92574145347521,88.36484038940458,77.6371971926647
115.85148290695042,88.33767262848087,77.60742585465248
115.8347294543808,88.3309938872538,77.59531356124066
115.91079918496717,88.40627122481322,77.67398686891555
115.97419062712248,88.46524790581843,77.69934344577767
116.08693683495585,88.55467511885895,77.80065655422233
116.0921439891329,88.59044600407516,77.82431514602672
116.09667194928684,88.59916232737152,77.84333257867331
116.01313108444646,88.55863708399366,77.78163912157574
116.02218700475436,88.59327597917138,77.8163912157573
116.04924156667421,88.61965134706814,77.83755942947703
116.14172515281865,88.69526828163912,77.93049581163686
116.0461851935703,88.6464795109803,77.88351822503962
116.00305637310392,88.58840842200588,77.83880461851936
115.97532261716097,88.54754358161648,77.79737378311071
115.98019017432647,88.53882725832013,77.80473171836088
115.94623047317184,88.51041430835409,77.77982793751416
115.96660629386461,88.51516866651573,77.77450758433326
115.94951324428345,88.4818881593842,77.76499886800997
115.92834503056373,88.486529318542,77.74779261942494
115.95585238849898,88.51448947249264,77.76420647498303
116.02524337785827,88.57765451664025,77.80609010640707
116.04199683042789,88.6005207154177,77.8442381707041
115.99445324881141,88.5684853973285,77.81469323069958
116.05761829295902,88.63448041657233,77.86619877745076
116.09259678514829,88.67794883405026,77.89913968757075
116.1460267149649,88.73069956984378,77.95302241340276
116.15281865519583,88.74892460946343,77.96083314466833
116.19979624179307,88.79477020602219,77.9949060448268
116.29397781299525,88.87683948381255,78.07210776545166
116.31129726058411,88.89053656327825,78.08716323296355
116.34321937966946,88.94713606520263,78.12429250622594
116.37955625990492,88.98290695041884,78.16176137649988
116.34061580258094,88.98041657233416,78.1508942721304
116.34038940457324,88.98664251754585,78.15213946117274
116.32748471813449,89.01199909440797,78.15712021734208
116.37366991170478,89.063617840163,78.20330541091238
116.45041883631424,89.13663119764546,78.27394158931402
116.39246094634368,89.08139008376726,78.21168213719719
116.36314240434685,89.03837446230473,78.19028752546977
116.33133348426534,88.98358614444193,78.15564863029205
116.35669006112747,88.99354765678062,78.1827031922119
116.34163459361558,88.96694589087616,78.16164817749603
116.27982793751416,88.9175911251981,78.10889744170251
116.28741227077202,88.9180439212135,78.10889744170251
116.40287525469776,88.9958116368576,78.18383518225039
116.40038487661309,88.99943400498076,78.17115689381933
116.4127235680326,89.01652705456192,78.19051392347747
116.41181797600181,89.0234321937967,78.17127009282318
116.36087842426987,88.98822730359973,78.13991396875707
116.43140140366765,89.05003395970115,78.20794657007018
116.50260357708852,89.10504867557165,78.25333937061355
116.52954494000453,89.12927326239529,78.2752999773602
116.5912383971021,89.19424949060448,78.3303146932307
116.5910119990944,89.21507810731265,78.34729454380802
116.57788091464795,89.21609689834729,78.33846502150782
116.59950192438306,89.24450984831333,78.34435136970795
116.68281639121575,89.31129726058411,78.41045958795563
116.73160516187457,89.36484038940458,78.4445324881141
116.75107539053657,89.38838578220512,78.4772470002264
116.79182703192213,89.43660855784469,78.51516866651573
116.79771338012226,89.45143762734888,78.54097803939325
116.86133122028527,89.51573466153498,78.59486076522526
116.95313561240661,89.57640932759791,78.6594973964229
116.91544034412497,89.57595653158252,78.64874349105727
116.79816617613766,89.51528186551958,78.57425854652479
116.82827711116143,89.52977133801222,78.59814353633688
116.82963549920761,89.52648856690061,78.59972832239076
116.75469775865973,89.44068372198325,78.53814806429703
116.73013357482454,89.40242245868237,78.50328277111161
116.74835861444419,89.39766810052072,78.51890423364274
116.79793977812996,89.42506225945212,78.53916685533167
116.75367896762509,89.37389630971248,78.50203758206928
116.78854426081051,89.41419515508264,78.51992302467738
116.94724926420648,89.51177269640027,78.61206701381028
116.963323522753,89.53384650215078,78.63651799864161
116.95834276658366,89.53995924835861,78.62078333710663
117.05614670590899,89.60697305863708,78.70341860991623
117.09225718813674,89.64115915779941,78.71892687344351
117.14489472492642,89.67104369481548,78.75401856463664
117.22209644555127,89.74937740547882,78.83574824541545
117.32725832012679,89.81548562372652,78.89540412044374
117.29760018111841,89.81299524564184,78.87514149875481
117.26081050486756,89.80224134027621,78.85657686212362
117.30971247453023,89.84503056373104,78.90072447362463
117.34820013583881,89.87299071768169,78.9310618066561
117.27371519130632,89.83914421553091,78.87480190174327
117.31956078786507,89.87355671270093,78.92506225945212
117.43332578673308,89.9723794430609,79.009735114331
117.45302241340276,89.99241566674213,79.0371292732624
117.40638442381707,89.9821145573919,79.0223002037582
117.39959248358615,89.98551052750736,79.0223002037582
117.47136065202626,90.05365632782431,79.08354086484039
117.40864840389405,90.00260357708852,79.04890196966267
117.40751641385556,89.99105727869595,79.04041204437401
117.40106407063618,89.94668326918723,79.00611274620783
117.34604935476568,89.90208286167082,78.97951098030337
117.22628480869368,89.80484491736473,78.87876386687797
117.20251301788544,89.77903554448721,78.84344577767716
117.21971926647045,89.79839257414535,78.87514149875481
117.26579126103691,89.8214851709305,78.88940457323976
117.25492415666743,89.81310844464569,78.8990264885669
117.30993887253793,89.85284129499661,78.94509848313335
117.34412497170025,89.88612180212814,78.9677382839031
117.35023771790809,89.89981888159384,78.97022866198778
117.32646592709985,89.88317862802808,78.93875933891782
117.29793977812996,89.88249943400498,78.96411591577994
117.29341181797601,89.8815938419742,78.93298618972153
117.3535204890197,89.9456644781526,78.9911704776998
117.34831333484266,89.9640027167761,79.01675345256962
117.29929816617614,89.94317410006792,78.98109576635726
117.28582748471814,89.9410233189948,78.99241566674213
117.36087842426987,90.01720624858501,79.07516413855558
117.38872537921667,90.04426081050487,79.09418157120217
117.33223907629613,90.01211229341182,79.05309033280507
117.35985963323523,90.04765678062033,79.07867330767489
117.386235001132,90.08557844690966,79.11059542676024
117.37355671270093,90.08512565089427,79.110029431741
117.3400498075617,90.08818202399819,79.1056146705909
117.33597464342314,90.1053882725832,79.11919855105275
117.44883405026036,90.17964681910799,79.21847407742811
117.39234774733983,90.16096898347294,79.17545845596558
117.32680552411139,90.11093502377179,79.13900837672628
117.22832239076295,90.03135612406611,79.06395743717455
117.18281639121575,89.97000226398008,79.00916911931175
117.10255829748698,89.89291374235907,78.96241793072221
117.06724020828617,89.87446230473172,78.93830654290242
117.15383744623047,89.92404346841748,78.99445324881141
117.09089880009056,89.8853294091012,78.95947475662214
117.19549467964681,89.95800316957211,79.01607425854652
117.2425854652479,90.00588634820014,79.04256282544713
117.23907629612859,90.02139461172742,79.05784469096672
117.17919402309259,89.98935929363822,79.0271677609237
117.23194475888612,90.02886574598143,79.07482454154403
117.21270092823183,90.0178854426081,79.03961965134707
117.24473624632103,90.05693909893593,79.08557844690966
117.21428571428571,90.03395970115463,79.05818428797826
117.17534525696173,90.03837446230473,79.04731718360878
117.23737831107086,90.0870500339597,79.0956531582522
117.279941136518,90.13334842653384,79.12599049128367
117.32318315598823,90.16685533167308,79.15893140140366
117.2985057731492,90.17987321711568,79.16776092370387
117.32057957889971,90.20658818202399,79.20839936608557
117.34503056373104,90.24326465927099,79.22390762961285
117.36687797147385,90.2706588182024,79.25084899252887
117.37921666289337,90.2852614896989,79.25911251980983
117.31605161874576,90.27631876839484,79.25050939551733
117.40547883178628,90.34537016074259,79.31899479284583
117.38827258320127,90.3535204890197,79.33461625537696
117.35284129499661,90.34525696173874,79.29046864387594
117.36031242925063,90.37457550373557,79.32397554901517
117.36019923024678,90.39200815032828,79.33291827031923
117.38770658818203,90.40581842879783,79.36336880235454
117.36382159836994,90.35691645913516,79.31990038487662
117.30529771338013,90.2852614896989,79.27722436042563
117.29907176816845,90.27190400724474,79.24315146026714
117.32182476794205,90.27903554448721,79.27348879329863
117.32374915100748,90.2808467285488,79.26579126103691
117.3950645234322,90.32499434004981,79.29839257414535
117.42143989132896,90.34661534978493,79.31310844464569
117.36416119538148,90.32578673307675,79.2899026488567
117.2808467285488,90.27303599728323,79.22832239076295
117.31571202173421,90.29488340502604,79.26986642517546
117.34084220058864,90.32035318089201,79.27439438532942
117.31514602671497,90.30473171836088,79.25379216662894
117.31786280280734,90.31616481774961,79.25616934570976
117.35012451890424,90.35510527507358,79.29839257414535
117.32974869821146,90.35442608105049,79.279941136518
117.33427665836541,90.36891555354313,79.29499660402989
117.36563278243152,90.39336653837447,79.31514602671497
117.28537468870275,90.34650215078108,79.26941362916007
117.2706588182024,90.353294091012,79.27054561919856
117.32476794204212,90.39857369255151,79.30665610142631
117.34457776771565,90.42970341860992,79.32578673307675
117.32850350916912,90.42845822956758,79.32816391215758
117.40140366764773,90.50803712927326,79.40151686665158
117.47022866198778,90.56282544713606,79.44702286619878
117.38815938419742,90.51098030337333,79.38442381707041
117.37072673760471,90.49626443287299,79.3851030110935
117.4041204437401,90.55207154177043,79.41102558297487
117.3488793298619,90.53112972605841,79.39200815032828
117.4317410006792,90.57742811863255,79.44385329409101
117.55410912383971,90.65055467511885,79.52218700475436
117.46875707493774,90.56950418836314,79.45053203531809
117.34265338465022,90.43909893592937,79.35193570296582
117.33676703645008,90.41747792619425,79.34921892687345
117.39031016527055,90.44487208512565,79.34231378763867
117.3628028073353,90.42449626443288,79.32691872311524
117.34321937966946,90.39789449852842,79.3073352954494
117.29646819107992,90.36653837446231,79.28209191759113
117.38148064297035,90.42042110029432,79.33801222549242
117.37921666289337,90.42608105048676,79.31831559882274
117.30110935023772,90.37265112067014,79.29544940004529
117.36868915553544,90.4124971700249,79.32703192211909
117.42257188136745,90.44951324428345,79.35963323522753
117.41045958795563,90.44928684627575,79.35046411591578
117.36902875254698,90.43400498075617,79.3212587729228
117.38985736925515,90.46196513470682,79.36653837446231
117.39121575730134,90.46388951777224,79.35759565315826
117.36540638442382,90.43694815485624,79.33280507131538
117.35895404120444,90.45087163232964,79.33529544940005
117.4127235680326,90.4960380348653,79.3804618519357
117.42811863255604,90.5086031242925,79.38804618519357
117.43536336880236,90.51494226850804,79.39347973737831
117.4449852841295,90.53848766130858,79.42574145347521
117.44260810504868,90.5320353180892,79.42494906044827
117.49037808467286,90.58716323296355,79.46898347294544
117.48811410459588,90.58818202399819,79.4635499207607
117.49354765678062,90.60968983472945,79.47226624405705
117.50011319900385,90.59938872537921,79.48505773149196
117.37570749377406,90.47068145800317,79.36936834955853
117.2713380122255,90.37344351369708,79.28741227077202
117.22594521168213,90.32623952909215,79.25062259452118
117.21428571428571,90.29929816617614,79.21711568938193
117.25096219153272,90.31163685759566,79.23941589314013
117.24949060448267,90.29714738510302,79.22900158478605
117.15881820239981,90.24394385329408,79.17715644102331
117.11693457097577,90.2054561919855,79.14002716776092
117.1418383518225,90.21632329635499,79.14919628707267
117.23477473398233,90.27326239529093,79.20975775413176
117.2154177043242,90.25481095766358,79.20002263980076
117.1553090332805,90.2377179080824,79.16855331673081
117.10731265564863,90.18723115236585,79.10742585465248
117.09372877518678,90.19526828163912,79.12112293411818
117.13493321258773,90.23420873896309,79.16583654063844
117.14093275979171,90.24326465927099,79.19345709757754
117.07052297939778,90.19209870953135,79.13640479963776
117.03577088521621,90.16606293864614,79.11750056599502
117.06520262621689,90.20036223681231,79.13482001358388
117.10335069051392,90.24688702739415,79.17319447588861
117.06520262621689,90.20556939098935,79.13708399366085
117.0187910346389,90.19447588861217,79.12949966040298
117.11625537695268,90.27405478831787,79.20319221190853
117.10855784469096,90.27031922119086,79.19753226171609
117.0865972379443,90.26398007697533,79.19368349558523
117.10335069051392,90.27971473851031,79.2014942268508
117.04946796468191,90.24134027620556,79.17636404799637
116.99705682589993,90.19504188363142,79.14432872990717
116.91328956305185,90.09757754131763,79.0729001584786
116.84389857369256,90.00362236812316,78.9951324428345
116.79907176816845,89.9772470002264,78.97011546298393
116.85952003622369,89.98992528865746,78.99739642291148
116.81786280280734,89.9540412044374,78.9677382839031
116.73386914195154,89.88012225492416,78.8906497622821
116.72345483359746,89.8811410459588,78.89812089653611
116.71824767942041,89.87265112067014,78.90423364274395
116.7098709531356,89.86619877745076,78.8815938419742
116.73568032601312,89.88363142404347,78.89370613538601
116.76409327597918,89.92155309033281,78.93513697079466
116.76816844011773,89.91091238397102,78.91996830427892
116.69402309259678,89.87457550373557,78.87117953362011
116.67772243604256,89.86676477247,78.8628028073353
116.6880235453928,89.88182023998189,78.8897441702513
116.69538148064296,89.89676250848993,78.90740321485171
116.7247000226398,89.92845822956758,78.91091238397102
116.7419062712248,89.94385329409101,78.95347520941816
116.63323522753,89.88340502603577,78.87287751867784
116.66957210776545,89.90819560787865,78.90163006565543
116.73624632103237,89.98222775639574,78.9630971247453
116.73296354992075,89.98618972153045,78.95687117953362
116.73137876386687,89.99864161195381,78.97090785601087
116.81695721077655,90.06022187004754,79.04856237265112
116.7247000226398,90.02286619877745,78.99762282091918
116.68179760018111,89.98551052750736,78.97079465700702
116.69447588861217,89.99649083088069,78.9823409553996
116.60765225266017,89.926647045506,78.9357029658139
116.47917138329183,89.79477020602219,78.81978718587277
116.44747566221417,89.74847181344803,78.77948834050261
116.40174326465927,89.69843785374688,78.73624632103237
116.40525243377859,89.66708172968077,78.7242472266244
116.34220058863482,89.62440570522979,78.67613764998868
116.38148064297035,89.64953588408422,78.69560787865066
116.33042789223455,89.60629386461399,78.66051618745755
116.35884084220059,89.62576409327598,78.67398686891555
116.41600633914422,89.67523205795788,78.7377179080824
116.41645913515961,89.68009961512338,78.72549241566674
116.35295449400046,89.63821598369934,78.68474077428118
116.38861218021282,89.66979850577314,78.7017206248585
116.42698664251755,89.70092823183155,78.74077428118632
116.39132895630519,89.68632556033506,78.7339823409554
116.4175911251981,89.71643649535883,78.76148969889066
116.47090785601087,89.77518677835636,78.79443060901065
116.47430382612633,89.78412949966041,78.8038261263301
116.436382159837,89.77439438532942,78.78831786280281
116.4911704776998,89.8168440117727,78.8356350464116
116.50373556712701,89.83971021055015,78.82850350916912
116.49909440796921,89.85046411591578,78.82974869821146
116.51731944758886,89.88487661308581,78.88793298618972
116.5,89.87480190174327,78.86631197645461
116.55116594973964,89.91906271224813,78.91894951324429
116.58761602897894,89.97419062712248,78.95687117953362
116.58206927779035,89.9589087616029,78.93966493094861
116.60018111840616,89.99784921892687,78.98901969662667
116.6098030337333,90.00498075616935,78.99298166176138
116.53395970115463,89.94192891102558,78.94306090106407
116.49252886574598,89.87842426986643,78.89449852841295
116.45981435363369,89.8307674892461,78.84989812089654
116.43468417477926,89.78367670364501,78.82340955399593
116.35408648403894,89.70579578899705,78.76816844011773
116.32556033506906,89.66153497849218,78.73873669911704
116.34503056373104,89.68394838125424,78.73851030110934
116.3632556033507,89.696853067693,78.74609463436721
116.36800996151234,89.68836314240434,78.74733982340955
116.32974869821146,89.66651573466153,78.71405931627801
116.28560108671044,89.62666968530677,78.67013810278469
116.30326013131085,89.64715870500339,78.68213719719266
116.33654063844239,89.68066561014263,78.69923024677382
116.35736925515056,89.70228661987774,78.73715191306316
116.3351822503962,89.69096671949286,78.72594521168213
116.31899479284583,89.70511659497396,78.70285261489698
116.3720851256509,89.74122707720171,78.75356576862124
116.37423590672402,89.74100067919402,78.75367896762509
116.36891555354313,89.75175458455966,78.75967851482908
116.40661082182477,89.80031695721078,78.79941136517999
116.4542676024451,89.83280507131538,78.8210323749151
116.46830427892235,89.84729454380802,78.83642743943854
116.41962870726738,89.83778582748472,78.82522073805751
116.46264432872991,89.86687797147385,78.85952003622369
116.51618745755037,89.92608105048676,78.88714059316278
116.54211002943174,89.95245641838352,78.91023318994793
116.50328277111161,89.93943853294091,78.90163006565543
116.50803712927326,89.95460719945665,78.92585465247906
116.58580484491736,90.02377179080824,78.97951098030337
116.65485623726511,90.0729001584786,79.026941362916
116.5554675118859,90.0046411591578,78.96456871179534
116.46128594068372,89.8906497622821,78.88419741906272
116.40932759791714,89.81469323069958,78.83212587729228
116.40966719492869,89.79352501697986,78.81627801675346
116.38317862802808,89.75266017659045,78.77699796241794
116.34197419062713,89.69526828163912,78.73545392800543
116.35680326013131,89.70070183382386,78.73964229114783
116.38748019017433,89.7247000226398,78.75650894272131
116.44215530903328,89.76522526601767,78.78729907176817
116.40695041883632,89.73500113199003,78.77745075843333
116.40310165270546,89.73318994792845,78.7622820919176
116.4728322390763,89.77122481322165,78.81774960380349
116.43955173194476,89.74349105727869,78.776205569391
116.43694815485624,89.75469775865973,78.7843558976681
116.44385329409101,89.75979171383293,78.76613085804846
116.39766810052072,89.73002037582069,78.73998188815938
116.43558976681005,89.74971700249037,78.7715644102332
116.41136517998642,89.75130178854427,78.75707493774055
116.3943853294091,89.71836087842426,78.72945438080144
116.38034865293186,89.71971926647045,78.73296354992075
116.40955399592484,89.7472266244057,78.75673534072901
116.44532488114105,89.8026941362916,78.80405252433779
116.45585238849898,89.82805071315373,78.82680552411139
116.51075390536563,89.86880235453928,78.86506678741227
116.59746434231378,89.94124971700249,78.92574145347521
116.58365406384424,89.95302241340276,78.92336427439439
116.56067466606294,89.94849445324881,78.9136291600634
116.55161874575504,89.93977812995246,78.91136517998642
116.59078560108671,89.99818881593842,78.97034186099162
116.63991396875707,90.01709304958116,78.96547430382613
116.59848313334842,89.98256735340729,78.96185193570297
116.57663572560561,89.94589087616029,78.9222322843559
116.51177269640027,89.86438759338918,78.87910346388952
116.48766130858048,89.80427892234549,78.82420194702287
116.4723794430609,89.77609237038715,78.79793977812996
116.44589087616029,89.72900158478605,78.7569617387367
116.44736246321033,89.71609689834729,78.75096219153272
116.47611501018791,89.72979397781299,78.75945211682138
116.5225266017659,89.75832012678289,78.78877065881821
116.47464342313788,89.74009508716323,78.75616934570976
116.51143309938873,89.7423590672402,78.76001811184062
116.58580484491736,89.79261942494907,78.81299524564184
116.5594294770206,89.7940910119991,78.81650441476116
116.59621915327145,89.80088295223003,78.80246773828391
116.61251980982567,89.8221643649536,78.83348426533847
116.66255376952682,89.86472719040073,78.86642517545846
116.7019470228662,89.88487661308581,78.90581842879783
116.65881820239981,89.88702739415893,78.88951777224361
116.66391215757301,89.91023318994793,78.90196966266697
116.72662440570522,89.9357029658139,78.93468417477926
116.77224360425629,89.9726058410686,78.96932306995699
116.74405705229793,89.976794204211,78.96298392574145
116.68202399818881,89.94294770206022,78.92019470228662
116.7010414308354,89.96241793072221,78.94238170704098
116.73454833597464,89.99445324881141,78.96004075164139
116.75039619651348,90.01098030337333,78.97792619424949
116.7421326692325,90.01697985057731,78.98324654743038
116.77937514149876,90.05535431288205,79.01199909440797
116.77982793751416,90.06497622820919,79.02875254697759
116.70579578899705,90.00181118406158,78.97181344804166
116.7328503509169,90.01018791034639,78.98019017432647
116.7379443060901,89.96015395064524,78.9684174779262
116.65462983925741,89.86676477247,78.89766810052072
116.65542223228435,89.84684174779262,78.90253565768622
116.68870273941589,89.85250169798506,78.87842426986643
116.6462531129726,89.80575050939552,78.82114557391895
116.66051618745755,89.80993887253793,78.84140819560788
116.75843332578674,89.87978265791261,78.8994792845823
116.7580937287752,89.8758206927779,78.88465021507811
116.68281639121575,89.83246547430383,78.82691872311524
116.70285261489698,89.83348426533847,78.8539732850351
116.75447136065203,89.86404799637764,78.8804618519357
116.76024450984832,89.87287751867784,78.86812316051619
116.72187004754358,89.8446909667195,78.8305410912384
116.76488566900612,89.88872537921667,78.87378311070863
116.82499434004981,89.94645687117954,78.92019470228662
116.85906724020829,89.96479510980303,78.93672175684854
116.8124292506226,89.93762734887933,78.90932759791714
116.87310391668554,89.99547203984605,78.97328503509169
116.9136291600634,90.02999773601992,78.99422685080371
116.9178175232058,90.03837446230473,79.00894272130405
116.86597237944306,90.00962191532714,78.96513470681458
116.8853294091012,90.0417704324202,79.00520715417704
116.90729001584786,90.07222096445551,79.0132442834503
116.88770658818203,90.07539053656328,79.01754584559656
116.89189495132443,90.06984378537469,79.02105501471587
116.96807788091465,90.14025356576862,79.09055920307901
117.03045053203532,90.1966266696853,79.14002716776092
117.07674892460946,90.23545392800543,79.18179760018111
117.0552411138782,90.24020828616707,79.1778356350464
117.03090332805071,90.18881593841974,79.15621462531129
117.009735114331,90.12553769526828,79.10923703871406
116.85465247905819,89.99400045279602,78.97068145800317
116.83065429024225,89.93672175684854,78.9312882046638
116.8530676930043,89.91464795109803,78.9180439212135
116.90072447362463,89.94577767715644,78.92528865745982
116.86065202626217,89.88736699117048,78.90027167760924
116.81390083767263,89.85680326013131,78.84310618066561
116.84853973285036,89.8857822051166,78.86517998641612
116.85182250396197,89.88102784695495,78.853294091012
116.85895404120444,89.86959474756623,78.8484265338465
116.87683948381255,89.88951777224361,78.8672175684854
116.92528865745982,89.92857142857143,78.89619651347068
116.91464795109803,89.91453475209418,78.88023545392801
116.90864840389405,89.89970568259,78.87899026488567
116.94374009508716,89.93004301562146,78.91011999094408
116.90253565768622,89.91668553316731,78.88057505093956
116.9547203984605,89.96615349784922,78.92766583654064
116.95687117953362,89.97249264206475,78.92574145347521
116.98573692551506,89.99456644781526,78.94894724926421
117.00984831333484,90.01098030337333,78.96966266696853
117.00803712927326,90.02513017885443,78.96015395064524
117.03395970115463,90.05693909893593,78.99524564183835
117.01935702965814,90.05195834276658,78.98562372651121
117.06248585012452,90.08965361104822,79.00735793525017
117.06690061127462,90.12259452116821,79.01143309938873
117.08976681005207,90.13527280959927,79.04901516866651
117.04380801448947,90.11070862576409,79.0132442834503
117.08557844690966,90.1594973964229,79.04788317862803
117.12904686438759,90.20998415213946,79.09203079012904
117.1422911478379,90.20443740095087,79.10040751641385
117.13572560561467,90.17511885895404,79.08806882499434
116.98856690061127,90.04844917364727,78.97690740321485
116.95211682137197,89.96887027394159,78.91883631424044
116.986529318542,89.94068372198325,78.89166855331673
116.95528639347974,89.90321485170931,78.86065202626217
116.92925062259452,89.85997283223908,78.82884310618067
116.93909893592937,89.85850124518905,78.80088295223003
116.98664251754585,89.87638668779715,78.826352728096
116.913176364048,89.82986189721531,78.78843106180666
116.9628707267376,89.85012451890424,78.78843106180666
117.01924383065429,89.90378084672855,78.83733303146933
116.98052977133801,89.87853746887028,78.81050486755717
116.9586823635952,89.85759565315826,78.77337559429478
117.0044147611501,89.88397102105502,78.80144894724927
117.03271451211229,89.9273262395291,78.83688023545393
117.03079012904686,89.91657233416346,78.82340955399593
117.06112746207833,89.94215530903328,78.86008603124293
117.01596105954268,89.92189268734435,78.83461625537696
117.08206927779035,89.97011546298393,78.87219832465475
117.0910119990944,89.98403894045732,78.88770658818203
117.09723794430609,89.9911704776998,78.86484038940458
117.15281865519583,90.04120443740095,78.93140140366765
117.16164817749603,90.05999547203984,78.94770206022187
117.14093275979171,90.05580710889744,78.9407969209871
117.15191306316504,90.07878650667874,78.95539959248359
117.20805976907403,90.1195381480643,79.01267828843106
117.25865972379444,90.16696853067693,79.0413176364048
117.26443287299072,90.18406158025809,79.05682589993208
117.19413629160063,90.14251754584559,79.00249037808467
117.24224586823635,90.173647271904,79.03882725832013
117.29726058410687,90.21043694815485,79.07550373556712
117.25333937061355,90.15542223228435,79.04188363142404
117.18326918723115,90.06305184514376,78.97011546298393
117.07957889970568,89.95290921439891,78.85895404120444
117.05682589993208,89.90230925967852,78.80937287751868
117.09418157120217,89.90230925967852,78.81571202173421
117.08761602897894,89.88521621009735,78.80790129046865
117.09667194928684,89.8860086031243,78.81231605161875
117.14976228209191,89.91894951324429,78.83359746434232
117.18032601313108,89.92823183155988,78.87344351369708
117.196853067693,89.94645687117954,78.86416119538148
117.23081276884763,89.95347520941816,78.86834955852389
117.20715417704324,89.9447588861218,78.85159610595427
117.17296807788091,89.90547883178628,78.81774960380349
117.13199003848766,89.88657459814354,78.77801675345258
117.12259452116821,89.86834955852389,78.77892234548337
117.19436268960833,89.92325107539054,78.81390083767263
117.29443060901065,90.01007471134254,78.92562825447136
117.35499207606973,90.07867330767489,78.97407742811863
117.4129499660403,90.12780167534525,79.01313108444646
117.34242698664252,90.08127688476341,78.96977586597238
117.34378537468871,90.09203079012904,78.9776997962418
117.38408422005887,90.12361331220285,78.99660402988454
117.41385555807109,90.16606293864614,79.0455059995472
117.39563051845144,90.15078107312655,79.03305410912384
117.4220058863482,90.18451437627348,79.05716549694363
117.52026262168893,90.26035770885217,79.12610369028752
117.5408648403894,90.2848086936835,79.16572334163459
117.5044147611501,90.27258320126784,79.14919628707267
117.59270998415214,90.35204890196967,79.22832239076295
117.61580258093728,90.36246321032375,79.24552863934797
117.53214851709305,90.29284582295676,79.1824767942042
117.52467738283903,90.2377179080824,79.16549694362689
117.47917138329183,90.18111840615802,79.11365179986416
117.49592483586144,90.16911931175005,79.09893592936382
117.4955852388499,90.17534525696173,79.10799184967172
117.54584559655875,90.18564636631197,79.11874575503735
117.50532035318089,90.17059089880009,79.08150328277111
117.54029884537016,90.20896536110482,79.11014263074485
117.55875028299751,90.21971926647045,79.13957437174552
117.5824088748019,90.23239755490151,79.13617840163006
117.63040525243377,90.25956531582523,79.16561014263074
117.64240434684174,90.27473398234096,79.18225039619651
117.65315825220738,90.27846954946797,79.173647271904
117.66730812768847,90.30144894724927,79.18134480416572
117.73149196287072,90.34537016074259,79.22990717681684
117.7008150328277,90.3354086484039,79.21609689834729
117.7618292959022,90.39144215530904,79.2622820919176
117.77982793751416,90.41679873217116,79.2899026488567
117.81073126556487,90.44634367217569,79.31378763866879
117.76828163912158,90.43072220964456,79.27201720624859
117.87129273262396,90.50430156214625,79.36246321032375
117.90944079692099,90.54584559655875,79.41351596105955
117.81888159384198,90.49366085578447,79.33846502150782
117.80993887253793,90.49252886574598,79.33529544940005
117.82974869821146,90.52592257188137,79.36133122028527
117.88657459814354,90.56757980529771,79.38329182703193
117.89212134933213,90.59112519809825,79.40774281186326
117.92970341860992,90.62882046637989,79.43887253792167
117.9958116368576,90.69074032148517,79.49988680099615
118.00113199003849,90.68621236133121,79.50826352728096
117.91374235906724,90.60210550147158,79.43728775186779
117.86506678741227,90.5223002037582,79.37299071768169
117.8393706135386,90.45053203531809,79.31322164364954
117.8258999320806,90.4180439212135,79.2764319673987
117.85182250396197,90.42132669232511,79.29771338012226
117.85702965813901,90.41464795109803,79.29250622594522
117.92211908535205,90.46094634367218,79.33246547430383
118.01188589540412,90.51358388046185,79.38465021507811
117.97826579126104,90.5046411591578,79.35487887706589
118.04810957663572,90.53792166628934,79.40547883178628
118.04278922345483,90.55727869594747,79.39087616028979
118.08761602897894,90.56588182023998,79.42087389630971
118.07176816844012,90.57142857142857,79.40819560787865
118.1056146705909,90.58954041204437,79.43015621462531
118.13991396875707,90.62429250622594,79.45075843332579
118.10108671043695,90.61082182476794,79.41057278695948
118.17693004301562,90.66311976454607,79.47803939325334
118.15247905818428,90.65847860538827,79.44849445324881
118.15100747113425,90.67500565995019,79.48052977133801
118.21881367443966,90.72390762961285,79.51867783563505
118.18225039619651,90.71021055014715,79.49932080597691
118.25209418157121,90.77224360425629,79.55252433778583
118.2892234548336,90.81118406158026,79.59418157120217
118.32057957889971,90.82918270319222,79.62044374009508
118.39540412044374,90.90932759791714,79.6785148290695
118.41159157799412,90.93332578673308,79.69300430156214
118.37400950871633,90.90921439891329,79.68949513244283
118.42132669232511,90.95347520941816,79.70828616708172
118.54290242245868,91.06757980529771,79.83325786733077
118.48720851256509,91.01958342766584,79.77801675345258
118.41611953814807,90.94136291600634,79.72730359972832
118.35453928005434,90.86823635952004,79.65440344124971
118.3716323296355,90.8493321258773,79.6511206701381
118.31378763866879,90.76556486302921,79.59033280507131
118.312882046638,90.75515055467513,79.56984378537469
118.35782205116595,90.75730133574825,79.57244736246321
118.37242472266244,90.77213040525244,79.5916911931175
118.45517319447589,90.8356350464116,79.63889517772243
118.50554675118859,90.87638668779715,79.67160968983472
118.47170024903781,90.8442381707041,79.6330088295223
118.51947022866199,90.8906497622821,79.66730812768847
118.54810957663572,90.90129046864388,79.69051392347747
118.49592483586144,90.86665157346616,79.64636631197645
118.49151007471134,90.85963323522753,79.63142404346841
118.52931854199683,90.90061127462079,79.6643649535884
118.58716323296355,90.94577767715644,79.72164364953588
118.60991623273715,90.97939778129953,79.71530450532035
118.59248358614444,90.97407742811863,79.71202173420873
118.5863708399366,90.9823409553996,79.70489019696626
118.67455286393479,91.03531808920081,79.76511206701382
118.71575730133574,91.08580484491736,79.81582522073806
118.71745528639347,91.10640706361784,79.82374915100748
118.72628480869368,91.12927326239529,79.83178628028074
118.76024450984832,91.16753452569617,79.86144441928911
118.72175684853973,91.13414081956078,79.8405026035771
118.76635725605615,91.18836314240434,79.8762734887933
118.79816617613766,91.22311523658591,79.90740321485171
118.76918723115237,91.20896536110482,79.886235001132
118.77201720624859,91.19379669458908,79.89642291147838
118.73296354992075,91.1193117500566,79.8400498075617
118.64523432193796,91.02558297486982,79.74960380348652
118.55535431288205,90.93275979171383,79.64704550599954
118.6237265112067,90.95075843332579,79.69209870953135
118.66289336653837,90.97634140819561,79.70839936608557
118.69538148064296,90.99717002490378,79.74043468417477
118.70092823183155,90.99184967172289,79.7288883857822
118.73160516187457,91.02897894498528,79.75447136065203
118.75571654969437,91.0452796015395,79.79680778809147
118.82895630518452,91.09678514829069,79.82465474303827
118.81967398686892,91.09089880009056,79.83223907629613
118.77099841521395,91.05093955173194,79.78684627575278
118.76239529092145,91.05342992981662,79.77711116142179
118.72583201267828,91.03916685533167,79.75311297260585
118.7240208286167,91.04075164138555,79.75039619651348
118.6827031922119,91.01652705456192,79.74066108218247
118.66640253565768,91.01154629839257,79.72243604256282
118.73409553995924,91.07606973058637,79.78424269866426
118.74507584333257,91.09270998415214,79.79771338012226
118.72503961965134,91.0912383971021,79.79035544487209
118.70975775413176,91.09508716323296,79.79261942494907
118.71360652026262,91.11161421779488,79.80575050939552
118.65010187910346,91.07063617840163,79.77269640027168
118.68621236133121,91.12214172515282,79.80744849445325
118.75164138555581,91.17443966493094,79.85227529997736
118.63900837672628,91.1000679194023,79.78073352954495
118.55410912383971,91.0092823183156,79.73477473398233
118.4904912836767,90.92676024450985,79.66821371971926
118.49456644781526,90.88385782205117,79.63334842653384
118.42087389630971,90.80767489246095,79.57120217342087
118.43762734887933,90.8033733303147,79.56780620330541
118.46739868689156,90.816617613765,79.58988000905592
118.46128594068372,90.82544713606521,79.5819560787865
118.41159157799412,90.79612859406838,79.54754358161648
118.3992528865746,90.78616708172969,79.52377179080824
118.42257188136745,90.79782657912611,79.52977133801222
118.43457097577542,90.81186325560336,79.55818428797826
118.41102558297487,90.79692098709532,79.54244962644329
118.386235001132,90.78537468870275,79.53214851709305
118.44645687117954,90.82759791713833,79.57844690966719
118.41351596105955,90.82069277790356,79.54120443740095
118.43377858274847,90.8402762055694,79.57686212361331
118.43762734887933,90.85465247905819,79.58795562599049
118.4591351596106,90.88080144894725,79.59848313334842
118.43162780167535,90.88295223002038,79.60131310844464
118.42110029431741,90.87457550373557,79.57946570070183
118.44555127914875,90.8992528865746,79.58365406384424
118.45528639347974,90.92336427439439,79.62055693909893
118.5176590446004,90.9684174779262,79.67726964002716
118.52592257188137,90.98279375141499,79.68768394838125
118.50588634820014,90.97894498528413,79.68258999320805
118.52818655195834,90.9958116368576,79.68009961512338
118.43762734887933,90.91045958795563,79.62010414308354
118.31310844464569,90.78673307674893,79.49932080597691
118.26896083314467,90.68791034638895,79.44679646819108
118.22141725152818,90.6276884763414,79.38000905592031
118.23511433099388,90.60640706361784,79.376499886801
118.2061353860086,90.57923930269413,79.33506905139235
118.18191079918496,90.52943174100068,79.29194023092597
118.23873669911704,90.57142857142857,79.32273035997284
118.26047090785602,90.58569164591351,79.34197419062713
118.2527733755943,90.6007471134254,79.36144441928911
118.3168440117727,90.6188589540412,79.38057505093956
118.32001358388047,90.62214172515282,79.36733076748925
118.2843558976681,90.60369028752547,79.35623726511207
118.30133574824542,90.6102558297487,79.3628028073353
118.35386008603125,90.65236585918043,79.39246094634368
118.37865066787413,90.67206248585012,79.39449852841295
118.36133122028527,90.67330767489246,79.38985736925515
118.34208738963098,90.67274167987321,79.39110255829749
118.41623273715192,90.720058863482,79.4407969209871
118.47328503509169,90.77371519130632,79.49230246773828
118.4538148064297,90.7706588182024,79.490264885669
118.44781525922572,90.75582974869822,79.44589087616029
118.53260131310844,90.83280507131538,79.53520489019697
118.54426081050487,90.8586144441929,79.5638442381707
118.47396422911478,90.82205116594974,79.51641385555807
118.57108897441702,90.89495132442835,79.60176590446004
118.54007244736246,90.88215983699344,79.55841068598596
118.44204211002943,90.79114783789903,79.48686891555354
118.3855558071089,90.70579578899705,79.42721304052525
118.43955173194476,90.7059089880009,79.46536110482228
118.41159157799412,90.65010187910346,79.42981661761377
118.37027394158932,90.60323749151007,79.37865066787413
118.40751641385556,90.63391442155309,79.40242245868237
118.4591351596106,90.66323296354992,79.41464795109803
118.48460493547657,90.69085352048901,79.46705908988001
118.49784921892687,90.71553090332804,79.47803939325334
118.53520489019697,90.73941589314013,79.5004527960154
118.58829522300204,90.77077201720626,79.53656327824315
118.563617840163,90.75096219153272,79.53011093502377
118.56441023318995,90.75379216662894,79.5041883631424
118.64025356576862,90.80688249943401,79.57097577541317
118.59984152139461,90.79171383291828,79.55218474077428
118.56090106407063,90.77812995245642,79.53429929816618
118.55275073579352,90.76386687797148,79.51822503961965
118.58127688476341,90.80518451437628,79.55512791487435
118.58614444192891,90.81978718587277,79.56757980529771
118.59542676024451,90.83608784242699,79.58954041204437
118.5824088748019,90.83269187231153,79.58093728775187
118.64036676477247,90.88238623500114,79.61365179986416
118.64568711795336,90.90446004075164,79.65666742132669
118.63074484944532,90.90615802580938,79.65146026714964
118.62406610821824,90.91045958795563,79.65213946117274
118.63946117274168,90.9268734435137,79.64115915779941
118.5592030790129,90.87491510074712,79.59180439212135
118.53905365632782,90.81944758886122,79.55614670590899
118.41204437400951,90.68055241113878,79.44283450305637
118.3354086484039,90.59078560108671,79.37333031469323
118.20489019696626,90.46343672175685,79.24462304731718
118.22696400271677,90.4679646819108,79.25798052977134
118.27631876839484,90.47713380122255,79.26930043015622
118.27405478831787,90.48517093049581,79.29024224586824
118.28243151460268,90.50520715417704,79.2854878877066
118.28594068372199,90.5187910346389,79.31163685759566
118.32408874801902,90.53826126330088,79.3393706135386
118.31525922571882,90.51222549241567,79.31774960380349
118.316617613765,90.53339370613539,79.31718360878425
118.37321711568939,90.5738057505094,79.35601086710437
118.34582295675798,90.56373103916685,79.34684174779262
118.32227756395744,90.55693909893593,79.3309938872538
118.34186099162328,90.58161648177496,79.3535204890197
118.35544487208513,90.60708625764093,79.37774507584334
118.42947702060222,90.66583654063844,79.44170251301789
118.41917591125198,90.66832691872311,79.42438306542903
118.40604482680553,90.67194928684627,79.40378084672855
118.40230925967852,90.68066561014263,79.40944079692099
118.45505999547204,90.72979397781299,79.4586823635952
118.46049354765678,90.75186778356351,79.4719266470455
118.42370387140593,90.72798279375141,79.43162780167535
118.52558297486982,90.81944758886122,79.53463889517772
118.54324201947023,90.85544487208513,79.5461851935703
118.5050939551732,90.80699569843786,79.5088295223002
118.45358840842201,90.74835861444419,79.48494453248811
118.38940457323976,90.66176137649988,79.41747792619425
118.32488114104596,90.57210776545166,79.34921892687345
118.2752999773602,90.51177269640027,79.30586370839937
118.3033733303147,90.52965813900838,79.3033733303147
118.34242698664252,90.55003395970115,79.33597464342314
118.34355897668101,90.55207154177043,79.32850350916912
118.3621236133122,90.57640932759791,79.34548335974644
118.40717681684401,90.61229341181797,79.38827258320127
118.37740547883179,90.59418157120217,79.36121802128142
118.36416119538148,90.58150328277111,79.3347294543808
118.3760470907856,90.59463436721757,79.35284129499661
118.32386235001132,90.55863708399366,79.30043015621463
118.32895630518452,90.56961738736699,79.31107086257641
118.33167308127689,90.58274847181345,79.32159836993435
118.32522073805751,90.57505093955173,79.30665610142631
118.34570975775414,90.60131310844464,79.34106859859634
118.3258999320806,90.58818202399819,79.31412723568033
118.35295449400046,90.62700928231831,79.34186099162328
118.42234548335975,90.6926647045506,79.4078560108671
118.42902422458683,90.70500339597011,79.41906271224813
118.41374235906724,90.70047543581616,79.41793072220965
118.45155082635273,90.7534525696174,79.46966266696853
118.50815032827711,90.80586370839937,79.53124292506226
118.53871405931628,90.83620104143084,79.53192211908535
118.4863029205343,90.81401403667648,79.51188589540412
118.37932986189722,90.73386914195154,79.4410233189948
118.3625764093276,90.66798732171156,79.4171383291827
118.23579352501697,90.5459587955626,79.3126556486303
118.25798052977134,90.53577088521621,79.30110935023772
118.26069730586372,90.51969662666968,79.30892008150329
118.25107539053657,90.5048675571655,79.29658139008377
118.33325786733077,90.56554222322843,79.33484265338465
118.32861670817297,90.58206927779035,79.34174779261943
118.29533620104144,90.55705229793978,79.32974869821146
118.28956305184515,90.55331673081277,79.34299298166177
118.34333257867331,90.60901064070636,79.37514149875481
118.38521621009735,90.63651799864161,79.40627122481322
118.2980529771338,90.57856010867104,79.34808693683496
118.27258320126784,90.56984378537469,79.32963549920761
118.36393479737379,90.62451890423364,79.37865066787413
118.35612406610822,90.63323522753,79.39687570749378
118.29658139008377,90.61070862576409,79.3669911704777
118.33620104143084,90.63346162553769,79.39314014036677
118.36495358840843,90.67568485397328,79.43094860765225
118.34740774281187,90.67579805297713,79.41996830427892
118.37978265791261,90.70749377405478,79.4593615576183
118.40570522979398,90.74881141045958,79.51686665157347
118.45619198551053,90.79443060901065,79.55773149196287
118.44770206022187,90.78933665383745,79.54539280054335
118.44838125424496,90.81333484265339,79.57233416345936
118.49241566674213,90.85804844917365,79.60244509848313
118.44600407516414,90.80812768847635,79.57652252660176
118.30869368349559,90.67500565995019,79.48777450758433
118.23477473398233,90.57471134254018,79.40706361784017
118.20534299298166,90.50803712927326,79.35035091691194
118.20489019696626,90.4909440796921,79.33291827031923
118.1283676703645,90.41657233416346,79.26024450984832
118.16278016753452,90.43026941362916,79.28752546977587
